d1,d2,eta,K,n,cost
0.563456876818091,0.421301098354161,0.180422525331378,2,253,0.747444964394936
1.01162163713947,0.71084080606699,0.321780642718077,5,508,0.616138826913128
1.61295155739412,1.72166859019548,0.428165618740022,9,673,0.566965122080537
1.78901159774512,1.90072277385741,0.594372207149863,12,933,0.624865000299404
2.85177169870585,2.65579731399193,0.799548275955021,13,1349,1.19939389019632
2.50591539451852,2.62205074448138,0.726980405673385,14,546,0.906919749491325
2.17802582709119,1.69082317408174,0.351612991094589,4,1244,0.729519821381858
0.273936218768358,2.81872754730284,0.32362769600004,14,897,1.04669356743006
0.220072840992361,1.07696696761996,0.253180548548698,14,249,0.718811395575874
1.73071426488459,2.07699064724147,0.794395920448005,10,1069,0.722065413229931
1.24957286333665,0.219098125211895,0.846853825636208,6,701,0.87276981434624
2.43644850905985,1.07096266122535,0.626673072949052,2,1286,0.937128180837655
2.0763036406599,1.31353448964655,0.872938087023795,10,763,0.846193189924355
0.972731250617653,2.74138661529869,0.827044636383653,14,1249,0.917064906017736
2.86389285018668,2.22604446709156,0.854950045607984,7,1287,1.16324222675885
0.341748698428273,2.07565154666081,0.547111932188272,7,1433,0.854017464001632
1.05086600724608,2.43942919336259,0.428211165592074,4,1021,0.679211029567321
2.35281210364774,1.43778275568038,0.831814401783049,1,1102,0.980177443492288
0.361734442878515,1.83207675907761,0.862052047625184,7,1409,0.987003496003817
2.58935184124857,1.94063745485619,0.832467255368829,2,1421,1.02015968183395
2.74778944067657,2.30157113326713,0.334471097588539,2,780,0.944007501289751
1.70714630614966,0.840673058852553,0.475375756062567,6,413,0.60440894586545
0.778459548112005,0.512403635121882,0.546886724047363,9,1159,0.689317034921763
2.82223132513463,2.18009019121528,0.612968452274799,8,869,0.99191214844252
2.33867179974914,2.34326595412567,0.309241906739771,5,200,0.710996749087186
1.37258457997814,1.42618568539619,0.757546447217464,2,159,0.597408291770478
1.62066889544949,1.48593804910779,0.851815510541201,3,1246,0.812368047730091
0.561202698759735,1.43786558024585,0.231979252770543,8,619,0.631827619005586
2.15600915057585,0.493558372277766,0.786380020901561,2,1440,0.989169240409338
2.24351650821045,2.29433027356863,0.125730083696544,12,1146,0.761929347281043
2.59927791031078,2.05858963597566,0.896711502783,11,1190,1.10315541201201
1.33469003932551,2.4144403571263,0.830353724770248,2,648,0.87599351637037
0.58333453470841,0.643111501447856,0.884557356871665,9,702,0.770160877568146
2.8294937055558,1.73226101621985,0.324880019761622,15,931,0.942619626540605
1.23968531461433,1.22923991167918,0.878081979230046,8,951,0.816604230734885
2.22183393323794,1.62487251562998,0.825547507964075,10,588,0.829998404422495
1.55102296639234,0.584813772607595,0.680711174383759,10,433,0.64211472836281
2.42906390232965,0.376986112073064,0.676343003287911,8,1167,1.00120012361775
2.75599584225565,0.325987750012428,0.272427373565733,8,332,1.1166120130585
2.16465109987184,2.284393392317,0.877427818253636,13,380,0.908524704270199
0.995989328809082,1.59495122181252,0.683513310551643,8,117,0.617317548325233
0.257549956813455,2.55958779519424,0.463757269829512,10,1220,0.987702010819755
0.422687614802271,2.06502430988476,0.107414172403514,6,119,0.943026242828613
0.726311289984733,2.44440475953743,0.511471087299287,9,1279,0.787364579673484
1.9186010921374,2.27649139771238,0.841083714924753,3,1308,0.874646988223117
0.674955860991031,1.77184564322233,0.544779925234616,4,495,0.613581408035477
2.40875452496111,0.757737496495247,0.368277320452035,3,442,0.827922208956858
1.68653494305909,2.84719480928034,0.768912882730365,5,322,0.877555500148468
0.246485005971044,0.157251994870603,0.655411252565682,3,1163,0.836929048163699
0.562252518348396,1.18746931813657,0.246822695434093,8,241,0.614051353467834
2.57014667754993,1.54934596680105,0.588349463604391,5,891,0.855755123838041
2.22944464478642,0.415914299990982,0.461928825266659,14,940,0.852060589006189
2.55299617601559,2.65826125191525,0.677335695363581,9,945,0.935799892834235
2.5798128140159,1.48338016346097,0.461836786940694,6,614,0.826472532851704
0.17070972789079,1.30930138351396,0.158733368851244,4,1138,0.758816523143584
1.69738773816539,1.81763116806371,0.285289891956988,8,785,0.582653913438382
1.56511009914635,1.65701712122361,0.405015957743801,10,793,0.556995564939365
2.10299203698898,1.72150610105329,0.334452238062378,11,649,0.703492000469457
1.61252723315356,2.18154147594497,0.1,9,675,0.588634179323935
1.31176086096328,1.37713782198565,0.338184735587972,5,678,0.543636282209945
2.28852532054817,1.45524178337745,0.468505629699964,12,824,0.750767751748852
0.311916184105856,1.37294887182225,0.254438994887216,5,50,0.920340283694532
1.17388349071777,1.28882419626949,0.889409882437658,2,129,0.715989498891879
1.80225838807944,1.48035659517376,0.808029045746674,1,50,0.653400761877758
1.37090851036095,1.31482579870586,0.769981590668401,1,179,0.688841198431891
0.725912249585609,1.33774783641844,0.747808174595354,1,52,0.652298424810525
1.96919689112722,1.26241075594625,0.860346856925605,1,184,0.864111627131478
0.732927558193593,0.18459575577853,0.73209627532961,1,50,0.739758943945968
2.12415584344169,0.554836821490324,0.454413463381181,6,389,0.777477225702379
1.6022300276505,1.17542835193709,0.235669129750427,6,346,0.553837712799549
1.73440650317486,0.173250883242001,0.334154468440434,2,412,0.844787902040012
2.19826822491704,0.488152262972474,0.78984195682138,6,413,0.983220029045015
1.36007085019357,0.616032296573635,0.221499301609149,3,348,0.584135312951185
0.55493563292338,2.13527675569767,0.541378537604472,3,383,0.739029497240762
0.18304550201767,1.68500066156917,0.61514767733648,1,525,0.847267457994398
0.74113326570378,1.55952158893744,0.632707756464852,4,805,0.610077450930191
0.667376510413141,1.47248683441322,0.389383962863182,1,544,0.644004450893154
1.4414714134108,0.1,0.841895859421187,3,851,0.910019060640042
1.78672075509884,0.196183381078866,0.9,6,603,1.12025003132573
0.925361542113227,0.1,0.861128383618454,2,788,0.864504789553089
2.27403683777925,2.41006687886055,0.87633044931774,13,447,0.988979579975621
1.77478620150235,2.3262424029354,0.87419611919078,13,314,0.778218863764012
0.972651470447719,2.17824319907607,0.28421731419734,2,395,0.649907150858405
1.44877202952472,1.45769657864692,0.551445382075021,5,93,0.576266118560823
1.66295015782689,1.33075878141061,0.471938335300179,7,517,0.589230161708579
0.924371614558845,1.7571616171695,0.523340595844218,3,549,0.575890312519229
1.39615504859041,0.218244650839092,0.495769549803093,8,703,0.709932805765415
1.76541081069494,1.9212383154494,0.625777793917981,11,512,0.582697116092281
1.15305200701665,2.0229099081894,0.252395118464013,6,717,0.554377573128312
2.22694287423307,1.74290530963267,0.506373626995916,12,1086,0.763684890995822
1.48918080044212,1.14868085226281,0.389743102665137,5,259,0.54817773480173
0.692480459362962,1.83367766154396,0.554969902450641,4,564,0.640458178638572
1.33811260283549,0.363828019399491,0.833806246224051,3,423,0.814218309265699
1.50967623161936,1.74980593532091,0.851754571479496,6,302,0.724738888250096
1.11417440216389,1.86036100300538,0.603362384601997,2,144,0.588915033992183
2.39872676808032,1.99910949781921,0.777273831638301,6,284,0.853426393007076
1.23903799733867,1.19319524572581,0.549087016515661,3,463,0.565608805120917
1.44545794504506,0.493216314238447,0.876183268100501,6,564,0.868766346475294
1.88338250188967,1.51080693613304,0.636498851528883,11,390,0.602023331723078
0.832918888955039,0.993707585783886,0.31845841474665,6,357,0.553964457977144
2.7711192198545,2.5385108896161,0.621472078068798,12,673,1.00185951990111
1.05120588739777,1.0769276958678,0.682715765302895,6,757,0.562262010987874
2.46508339335234,2.07637497173053,0.788139238158669,7,433,0.9675312024723
0.472366911695314,1.84387106074126,0.144912465270551,4,291,0.705495124050651
1.2662523527761,2.35014742613197,0.655264489598047,7,1059,0.687530376017685
2.35852938938023,2.00794428238891,0.877182425109256,9,493,0.97942566577616
0.925981688230402,1.21318562852909,0.1,6,314,0.525223039741859
2.85354199882969,2.63677804836682,0.794526251762794,8,911,1.23346247561172
1.38396801241841,2.13145352998931,0.1,10,259,0.549400235019476
2.43428640091156,2.65790958148558,0.820343800746138,13,1294,1.00627135509121
1.57254062815437,2.55511785771195,0.590296452884608,12,1500,0.726927011353073
1.11966082617973,1.11787843914178,0.287853036156066,2,682,0.665984694117706
1.5061030808341,1.4753225093154,0.413597022944292,8,70,0.671674418716389
1.35016196047059,1.38045669871497,0.341843628672724,4,121,0.517544605282751
1.14093862264236,1.63974893570032,0.277769589186167,3,83,0.528623772793757
1.59881072371186,0.757760855593356,0.551496230741943,2,434,0.639450001526625
0.924687029314395,1.72244439740673,0.59090351331519,6,807,0.56296660708458
1.51077454753436,1.64796414143434,0.485014856911786,10,631,0.538623590392146
1.18595950118691,1.23668654164003,0.327540567076774,8,844,0.53619411835877
0.697112894586257,0.776582132552524,0.175352640316033,5,1070,0.622605160647749
1.30471044892701,0.736701213478236,0.1,6,417,0.57474704034774
0.388647525805154,2.17917912988656,0.558761916043992,2,905,0.860619486563414
1.50816919167067,1.3694764758298,0.353260431256321,4,127,0.576672386098415
1.3652016207346,1.43183283281842,0.34454229223923,4,165,0.509409627528562
1.36214748208901,1.38228419244447,0.344789478052332,3,50,0.498950570221335
1.6117438045333,1.38019766768281,0.31120147889051,2,121,0.581178670508892
1.36853586918996,1.55686063564161,0.282992553738688,5,50,0.618779722020075
1.2549392596072,1.37247233278499,0.200555162179069,4,127,0.496397178158213
1.44443466415549,0.739539561770627,0.166693009229358,1,50,0.530380671747261
0.818478992669247,1.21452304467713,0.119231577342201,5,307,0.539613156476103
0.84604781004901,1.20730826890959,0.12431206030215,6,214,0.573707897452518
0.931299388295242,1.29804136306716,0.1,6,50,0.709633918380657
0.825326233237839,1.2155219351595,0.126201383325358,8,292,0.531854039801519
0.482698016621977,1.16990514535396,0.1,7,459,0.641774435936431
0.566743423036579,0.929437710293759,0.1,5,216,0.650341779375995
1.17176083171991,1.2541350224839,0.325680578559973,9,817,0.539547216760458
1.24874992045374,1.33800344172023,0.321767208982225,8,861,0.544491673587493
1.16477825410664,1.23155995366668,0.214730423151524,10,1014,0.550659846687558
0.995612301993676,1.19546617559181,0.306393024499155,9,1279,0.572518457763946
1.14871265106119,0.585338985577585,0.112061674323922,9,800,0.628784766191801
1.23149799079387,1.40141283390061,0.166648177921224,4,697,0.531113590424102
1.34728119393027,1.50443393482548,0.351615407554073,6,644,0.542172437868518
1.2684622072517,1.37157704683373,0.299092317288949,5,624,0.543611827065648
1.32262378509951,1.16023458739787,0.239002399209259,3,639,0.591854048992797
1.07690639492124,1.03118599227763,0.737195786971394,7,734,0.658687632911077
0.799791669131361,1.06399702702347,0.691339581915806,6,1206,0.593390227709114
0.970154881132195,1.18672573897843,0.680485535784476,5,614,0.594296335713541
1.27561169481297,1.24649329819353,0.548204590473926,4,631,0.591361132948465
1.22512149903381,0.416467110012157,0.526806214076472,4,259,0.658478214583176
1.52141344297983,1.58095443885629,0.527995830611723,5,50,0.619494619199758
0.83708504470402,1.2884273284232,0.199956214871847,6,365,0.538938387451549
1.23807574133672,1.25028625693314,0.336284564914204,6,534,0.540735818723099
1.32146755180441,1.37671232568166,0.340939778953269,5,744,0.52873548315374
1.29262702557783,1.16324312544702,0.629598822247271,4,579,0.590039806108259
1.28593153576404,1.32302049509356,0.358490917409828,3,190,0.522199718003054
1.39545982185687,1.41298785517629,0.3836506060711,4,99,0.542100061475098
1.35024577148366,1.72268891327744,0.397539139866482,6,97,0.598665345130077
1.07712648345841,1.23351190612553,0.197293150218059,9,1003,0.547527096990826
1.05860509115524,1.36370879225693,0.295756711699545,5,454,0.535355975803486
1.05488053613654,1.08262834766235,0.719770828689957,6,451,0.608455266515214
1.22076970071704,1.19605491804676,0.150678763709761,3,357,0.558460841194066
1.04773749100381,1.41011541774766,0.302597467427527,6,190,0.521664326764946
0.985975851125576,1.60547811294587,0.214745396813989,6,396,0.52453681053088
1.23163149023418,1.34137908356138,0.341397736881043,5,699,0.529011595209152
1.1468642810378,1.05454413029771,0.765248952547854,6,742,0.675524103959299
1.23333063415194,1.22735855352387,0.58253138124092,6,645,0.618097251201012
1.45952092204707,1.25929260254427,0.527835211431781,6,60,0.632228752270166
1.24207483553909,1.29178877744891,0.355139967628503,7,885,0.547877761334107
1.17296790930527,1.14834838762329,0.593150216164653,5,715,0.626554234540358
1.25939381319084,1.30185001670873,0.466578604209619,3,425,0.550281540847507
1.46784944021136,1.39513638318077,0.51140555679063,5,133,0.577737180632562
1.26994912614065,1.84777946932042,0.369499085682207,5,822,0.534994433650257
1.16610123636585,1.15398049321086,0.589253074199173,4,459,0.571642539380022
1.3403967884241,1.46821772675678,0.618413141006857,5,294,0.519773378031966
1.16546032196147,1.90191244813601,0.667931035947616,6,821,0.599118224872263
1.33091310841789,1.40890825242931,0.551094797962689,4,225,0.525532795177558
1.25896113948487,1.7028231060595,0.667273016833164,5,789,0.571856038269486
1.37660684027649,2.27900873376964,0.681210029513295,7,455,0.651663465107684
1.18328418279986,1.36800619851218,0.133299982789632,4,130,0.488960586971047
1.07544330062129,1.36300984550993,0.11102766710092,4,134,0.502451401515321
1.32765849883667,1.37639213973789,0.342480839784487,5,803,0.52818696235218
1.33555569589045,1.37591025993012,0.344204855105209,5,910,0.534768665884275
1.32121892067511,1.39563953594925,0.231012878903338,3,116,0.488038355457586
1.37432643082147,1.4768798974426,0.143386401236489,3,81,0.519163311417795
1.27127484066207,1.47613489009155,0.655872221159358,5,475,0.538942513548979
0.775067800093971,1.18893994689886,0.137999239982238,5,213,0.578096336766939
1.3310847139078,1.3919607520248,0.22774366562913,2,117,0.529730327943771
1.30975211620411,1.40093713685953,0.246218878247188,2,88,0.525185533348991
1.59133857183855,1.39167094825948,0.234213662453129,1,113,0.571101619387401
1.46463699004697,1.41858648031931,0.28665961539912,2,118,0.592638680411996
1.31660841040875,1.41265782345828,0.201333981608879,3,86,0.525794600994179
1.40900974306369,1.41664101221789,0.157729627993294,1,50,0.56080009994853
1.58428448705894,1.53476012984261,0.145821432157262,2,50,0.576852018649538
1.16277247762864,1.34278873276136,0.110336966366803,3,157,0.513059317866564
1.13894653718982,1.32901487660427,0.109057092461344,3,182,0.513853551701469
1.33040139278955,1.4880503543417,0.133954372970561,3,144,0.502092071956722
1.12562741357144,1.36672850893825,0.132976895275176,4,176,0.503978993391691
1.18242263856046,1.40822327220422,0.117492958090229,1,115,0.554806467927029
1.22024492655663,1.60380432179833,0.1,3,50,0.512828201685171
1.53499161838967,1.47499481694378,0.611293141798899,5,234,0.570113426177139
1.46205523540974,1.42642248419437,0.523935142795335,5,286,0.56478766643342
1.34029851693024,1.46501877654732,0.767647025865717,5,50,0.656705079540184
1.44511032673317,1.66224637762575,0.72793003285424,5,158,0.545944263626101
1.55188948748286,1.54460602476773,0.582454942733048,5,50,0.669846544435217
0.982037637065808,1.62399721090266,0.227186304020228,6,379,0.531009023598138
0.863875869552381,1.64870144421286,0.222264267436187,6,267,0.539275851264314
0.875857610439123,1.90239972185075,0.155402925775459,5,283,0.569521998902858
0.986031518305532,1.67691780186291,0.117423527340166,6,104,0.654007895487734
0.681486577409758,1.22124191199762,0.1,6,297,0.565822525545872
0.985766784966135,1.20517775765398,0.155084505501868,6,265,0.507719223378658
0.884956146971287,1.27880603252182,0.1,6,50,0.719464731934028
1.31959453439739,1.43410573252925,0.349824917355097,5,786,0.531149712496552
1.33756877439273,1.47872239194675,0.282502573968531,5,833,0.535908606808805
1.24741947329458,1.21647348794312,0.281406844703293,9,827,0.632766300104561
1.15684963400606,1.36505087950945,0.195557908183449,4,124,0.500789127567827
1.33047983715976,1.47223875740175,0.501718553766008,4,260,0.502717588427693
1.1783004210626,1.52050099428754,0.223584333499075,4,217,0.522774505537188
1.27653796299442,1.30525166554498,0.1,5,240,0.521559279736366
1.32147730052688,1.37850726578257,0.340516013153225,4,749,0.532980974679291
1.23431837458649,1.40128563779292,0.317980339671424,4,314,0.510026125001874
1.10766575637532,1.44271798435757,0.522159168824226,4,625,0.544925646231622
1.34545843011096,1.40636924489026,0.335858366530405,5,216,0.534658644005034
1.0946239415654,1.52919366240907,0.186785430663863,5,234,0.520196252105877
1.01944495930588,1.31753976179712,0.115802494985972,6,332,0.521374691404213
1.33572995986215,1.3691809699507,0.285775259551705,4,701,0.540174498820662
1.18551923498293,1.31543060336156,0.136296194068182,4,340,0.51512313873655
1.15752560438978,1.29638544603928,0.288649421176059,4,504,0.526353566358918
1.05305477119473,1.6207091645713,0.387038049600165,6,384,0.524604642305716
1.08568297703643,1.28171659763087,0.344205984778955,5,300,0.504776080497121
1.33693976101566,1.40863400015076,0.429488422667318,5,536,0.530233864933019
1.25307556462538,1.40481868675755,0.343122038432811,6,503,0.51694145153755
1.3224525705634,1.23854806382954,0.677351492162557,6,313,0.601948281082115
0.952968200571961,1.3256286506418,0.113712870959915,6,292,0.510801296264123
1.29533755807951,1.51644098458682,0.262668732795596,5,560,0.528132607532677
1.21159838774433,1.51437620027963,0.288483937607487,8,625,0.5310026275238
1.03265623135341,1.1592899055911,0.257681884916695,6,455,0.55819944362696
1.18307492005974,1.2806977270419,0.413064668461048,5,756,0.526714818530431
1.12213593664478,1.22570673724537,0.202212527781962,8,729,0.545468370992014
1.01191836979496,1.14355301163751,0.732415251432658,6,516,0.588625934090788
1.20510099871869,1.31665598843678,0.323041203458423,9,853,0.541521542658943
1.07384962432698,1.13027151971482,0.566466264552352,5,775,0.553012157602405
1.03438466705567,1.04014211054571,0.609693229297993,7,749,0.562693902844583
1.32415478560471,1.47526458272594,0.436444279002427,3,229,0.501476248505918
1.31608652427969,1.47981844948344,0.363420653028795,2,174,0.540289038490477
1.16391991318732,1.47178961786024,0.171145746287612,4,88,0.555975051305137
1.18754078173678,1.33328614785518,0.480805024428266,4,287,0.483435329003906
1.31747100904982,1.4108983148855,0.633621079694098,3,265,0.530735415944054
1.0908592213635,1.20868768710823,0.452546433089859,5,714,0.535012338002735
1.2707084239796,1.49335577473891,0.311586090035531,1,174,0.559278597810617
1.23753118518218,1.41914131520504,0.162473396117146,2,370,0.568112822047546
1.16898741257194,1.30802673694106,0.632855837316875,4,378,0.547761807584017
1.18700528152126,1.32520715763527,0.475833699275284,4,272,0.504064364786937
1.07591886044856,1.3112272968148,0.486997189987282,4,330,0.526528592925211
1.18036699982883,1.32559044281734,0.58556929675065,4,272,0.519607798856125
1.20890980419538,1.16042061421059,0.564294641087316,4,311,0.570458097356094
1.21253558451107,1.35641919670212,0.513365993176626,4,109,0.52908803159995
1.19197720194161,1.35040992000043,0.501025255900643,3,206,0.530698521027492
1.33714447362708,1.40746750931779,0.288470390465482,3,119,0.498822433477784
1.32023334059989,1.35731396532879,0.246768008464766,3,92,0.52053116608187
1.36807281478768,1.39506914765967,0.212412796678412,3,119,0.501128643464993
1.37973907733892,1.32565506996341,0.246728837413031,3,85,0.618361360143692
1.39959211938472,1.46683478093423,0.175002433883979,2,50,0.491250967276871
1.46511674031826,1.41469841299511,0.190531035824314,1,57,0.542541910470879
1.20694865221633,1.30271950572251,0.196197146554119,5,138,0.519603526337872
1.15101447089221,1.37565921502957,0.132523347676793,4,153,0.516252954328401
1.25334082421058,1.31519849046116,0.114848588566821,3,60,0.541890679717543
1.20037518484483,1.38183551304884,0.111725984964637,4,50,0.56705099361811
1.18337985795984,1.39296315120441,0.1,4,88,0.568187186046131
1.30536710818045,1.50900574753992,0.421455951093126,3,188,0.50111096647195
1.35969956804249,1.47794998860045,0.448896262858649,2,229,0.563060532119901
1.43767124297902,1.47711449655439,0.464767201760243,2,94,0.520319638747839
1.4495855108049,1.49515824749121,0.442992743102838,2,234,0.574221231379058
1.25008509669802,1.41717585048304,0.340905664835161,4,301,0.500664590596682
1.27010109017925,1.46781192117287,0.318457112533272,4,276,0.496118145200438
1.25476733886149,1.38707119510979,0.269563960880608,4,181,0.505399880617094
1.06479157728687,1.51441244126954,0.202630495948408,5,137,0.529808715094916
1.07570538297525,1.61243376135381,0.107599103057035,5,257,0.506206720120617
1.16539596425462,1.29765395610089,0.226705034749725,3,563,0.552770152188603
1.35330844818569,1.38338234983474,0.357748939369843,3,106,0.498835500909767
1.18253677360284,1.37573394973116,0.374206160599651,4,230,0.51264515844707
1.32146128529282,1.47556284491866,0.45565114433076,4,272,0.498143950673684
1.22622443816107,1.35788100125923,0.413604067168152,4,297,0.505295503343671
1.18070286409395,1.42681303059983,0.25216617864756,4,246,0.505676981230323
1.17924549996875,1.32290593796343,0.404336396039677,4,295,0.504744284449772
1.187340829482,1.33654372012856,0.45942982538683,4,360,0.51594930437664
1.22406135909002,1.37310688646625,0.179828415511175,4,124,0.498756954935158
1.32330515873108,1.42048651044406,0.402949728368084,3,212,0.532758296464495
1.23058980895428,1.39780489712365,0.27855822920561,4,333,0.513326098146939
1.20430878164098,1.49430129562963,0.22119456942479,3,164,0.510206637065005
1.226184774804,1.30020293234623,0.235644638977373,3,485,0.550307321535206
1.31765672033847,1.33254103330048,0.354354193762423,3,470,0.558613987827953
1.31166524003447,1.43665692444453,0.258698825261863,3,183,0.503667690747758
1.22373882239712,1.39311566199111,0.23169627979146,4,338,0.51209818443299
1.15381932511961,1.47862312279045,0.160632936022962,5,162,0.519936263568399
1.17474841463587,1.32396556820377,0.160887860852392,4,523,0.52455963580931
1.18326455801049,1.30967612501268,0.293288805758282,4,214,0.53353019622264
1.21670942966949,1.39205088632019,0.290703193753226,4,269,0.49526302786078
1.06976299682666,1.53046715785112,0.36666086245211,5,231,0.518780446737014
1.25757597814061,1.30138164643727,0.345485143741406,4,429,0.53333502290289
1.27576725154987,1.3757042494129,0.427716281146585,4,375,0.518918219336741
1.18360252679084,1.49662842282308,0.147183519829565,5,244,0.505410632286835
1.21203897018107,1.28168804190442,0.281833702622695,4,536,0.535777752088483
1.18858496701153,1.37542201209972,0.427418475438099,4,544,0.525725273746186
1.17582366462485,1.44717876800612,0.30337413037575,4,583,0.523161841817537
1.1785535993232,1.45477227160951,0.262411436171288,5,463,0.524301734822732
1.17113526566836,1.28442987211424,0.380721224813982,4,623,0.548604212377196
1.31974336535129,1.47578728720116,0.466394694948075,5,311,0.481562802404635
1.31755197973125,1.47612507280996,0.478413718135221,6,380,0.499733713369931
1.20547840901997,1.3851017363793,0.275445451645994,4,229,0.499852292173551
1.24035324824191,1.47212308194715,0.125031798228067,5,253,0.48562079740352
1.32576307735991,1.44470847101565,0.108289563977867,5,263,0.484098191637528
1.4543048601504,1.414039201964,0.102745183159319,5,273,0.573172196894556
1.19309849325726,1.34286260657882,0.469047052826439,4,107,0.529623025319864
1.19055092607171,1.3677817302486,0.490440634567464,3,196,0.512922015931109
1.19538212106218,1.40272831181428,0.531923090351107,1,118,0.561247172958492
1.31632083622625,1.4918707904307,0.468184912575642,5,320,0.505584116213354
1.31732735808003,1.49026891662639,0.693500127497602,5,303,0.548826800127932
1.31964803466511,1.50777065985251,0.438648784831708,6,385,0.51450445404333
1.34824308122786,1.5538498837132,0.528519864238323,5,384,0.517627073576993
1.41450068280609,1.51463155679614,0.569169953170481,6,348,0.526626134232439
1.45666198651331,1.49239338898129,0.497270357908215,6,327,0.52615725412813
1.40227037785143,1.57354320929104,0.43973473702126,6,430,0.528769369782212
1.21644832286,1.31664454001987,0.444432951085918,4,283,0.496320257076502
1.08945748494934,1.32879456623198,0.494856648216326,4,398,0.527549649662449
1.18783885446621,1.33225011374847,0.675437140303524,4,359,0.553363811933537
1.18326329437429,1.28633018120678,0.51894440001633,4,294,0.514339173151428
1.19375731124365,1.33892848362988,0.487390328107251,4,281,0.494194238326124
1.18480132732776,1.32492837373179,0.478731799977035,5,296,0.499959770722241
1.32628773278044,1.46571158214942,0.103869017954569,5,230,0.511828472711487
1.3735937381648,1.48162723565795,0.111703222049862,5,292,0.498537988273323
1.38456118958658,1.45002811818095,0.123968017124292,5,262,0.497818915203026
1.36360253707178,1.50853491694689,0.118501269820637,5,248,0.507457465919589
1.39050004427671,1.49988824405848,0.100233873106964,6,302,0.50140222327666
1.4074259541531,1.38870761935616,0.219791680498193,2,115,0.587575701283454
1.31237177978302,1.39812295140631,0.228985149919,2,116,0.527021273014947
1.42282203749319,1.38497468337745,0.165439573001974,3,134,0.574234082527518
1.43535781797358,1.40708770265727,0.1,3,57,0.595744528495395
1.16946260280648,1.36937456039655,0.121747091838027,4,118,0.521547844177864
1.18412100242168,1.36962295303428,0.1,4,108,0.526773937572155
1.18359276821246,1.36814598794693,0.17362651466799,4,87,0.565231535791046
1.21938904025784,1.3828457251611,0.294505058072889,4,272,0.497944627819569
1.23235008638563,1.39027944090571,0.269070951156511,4,299,0.502647501335724
1.17202047326334,1.32953651991934,0.401745265443219,4,279,0.487480649263958
1.1659351315126,1.42405246901634,0.477136170707448,4,289,0.494845009711331
1.32456610084285,1.46677058533632,0.1,5,274,0.496212238360999
1.32056143123873,1.40425757071207,0.415910138517406,3,225,0.526915862615142
1.26642646302307,1.36359800935321,0.432324028059315,4,211,0.528289727186717
1.23800071931672,1.41726531370189,0.457700186983503,5,283,0.481931820046125
1.20482542353699,1.45805070226714,0.44495783516539,5,312,0.498727727023612
1.22413441343271,1.44301582034137,0.46621757075092,5,247,0.506550642936324
1.36155182724138,1.47879328262358,0.342068020163834,5,276,0.497431030271472
1.32972314918767,1.40096664094106,0.318349334754813,4,229,0.51082768881858
1.18366598640346,1.34873744072507,0.308424089698173,4,218,0.533405201539815
1.1921180757418,1.36623768610174,0.317134067052164,4,272,0.498439913757867
1.18455694477013,1.32950116537453,0.444001826259194,4,288,0.498597455333676
1.18792640179338,1.3340239623189,0.484648470273205,4,265,0.501516527415898
1.32256229422321,1.40469690466493,0.172575111433732,3,182,0.508853199107857
1.2245169713124,1.42077354744903,0.129222160514787,4,150,0.506891761322753
1.21203036030631,1.42451353075519,0.208015597726354,4,270,0.494801523651995
1.25016832936044,1.35472808206768,0.174010728843359,5,276,0.498516045415128
1.24726401826167,1.37074046756394,0.138999804412338,4,199,0.517801908662585
1.26018930896845,1.36895603707614,0.124098026270137,3,130,0.486058091773527
1.23468433417821,1.3936416749864,0.250730215684848,4,185,0.501553363648193
1.2205081653549,1.34682289287246,0.308914711177583,3,303,0.521191834614916
1.28868243648267,1.37884325024102,0.34197064667583,3,134,0.497278663877182
1.20271681066953,1.38880279466137,0.200603384753637,4,311,0.504181508401319
1.18189576191492,1.32660001931064,0.356056478405077,4,193,0.516725219281464
1.19076416543899,1.36779112137456,0.513151311500746,3,150,0.506271306990011
1.17206571267994,1.31551105197517,0.331934822536238,4,283,0.492996005377278
1.20407759174292,1.3664371525014,0.430274753197635,3,210,0.52970020669264
1.18594938847574,1.35708793810179,0.458006601439978,3,243,0.524970769922675
1.30923955383686,1.36967079053974,0.118950820624888,2,130,0.520504603222713
1.2515803468759,1.43623916882579,0.551111611442353,6,296,0.484129817365403
1.16741233663141,1.33452603245175,0.400295890844958,4,265,0.483614624355449
1.16153417892088,1.34203524822697,0.398674446731753,4,239,0.503440327567137
1.35127091211188,1.38716704338569,0.258922486406132,3,78,0.535067444156427
1.31583192695808,1.49998654416538,0.465899898201407,5,325,0.5188652779478
1.39070159999878,1.50531368343582,0.465878113334832,5,316,0.510921855527691
1.32593642907372,1.46978856659815,0.507558262196671,5,325,0.514745823733408
1.31513088029423,1.4857799060776,0.508246989629079,5,348,0.512538187235237
1.33970158896431,1.56637149478367,0.526984068153984,6,435,0.527558095018702
1.31840366499318,1.56040268934687,0.529691825056771,6,475,0.526068781879216
1.33446970833202,1.53520097070011,0.513149326189999,6,462,0.532281642330176
1.25404778573425,1.4493983717429,0.444972814569344,5,284,0.480102636638862
1.2366788330186,1.44338790963326,0.446149896299232,5,288,0.485378222823901
1.2269849420149,1.39967599113675,0.493750868946076,5,289,0.490747813024043
1.21944356714224,1.43564961017084,0.625049163130787,7,405,0.529418677435201
1.16383738794118,1.41781217587151,0.551592574686989,7,438,0.533553155296976
1.20984915329576,1.44883931762186,0.576366481270874,6,424,0.530784737609455
1.18333115801431,1.33310096348071,0.472944185289186,4,283,0.494580685225978
1.08612331324181,1.32525992066177,0.501760235387702,4,303,0.510928410171602
1.18245349371135,1.33222177089961,0.680591011623307,5,359,0.543927396001428
1.1679373173846,1.28346267057546,0.530919830915369,4,350,0.526549261055591
1.11174467273371,1.30852282695285,0.492761124045179,4,400,0.525807181350189
1.08928090342229,1.35373979157808,0.341455474585469,4,264,0.496985804952096
1.1489691566304,1.31691969589555,0.585723306145718,4,246,0.531451713336878
1.1029617157036,1.30001774889931,0.40512976986002,4,310,0.508608021375043
1.09192167666244,1.32635585585563,0.417630583491599,4,294,0.506597717023778
1.32630464068177,1.46546583115397,0.107611002850477,5,291,0.494098052857432
1.3268026926559,1.46763852590861,0.101099469989839,6,312,0.500696353082841
1.35511799929718,1.43916349337264,0.13691549738387,6,297,0.498439258919668
1.27044150744688,1.35271416091651,0.14277294136722,3,129,0.49498563067537
1.24217266200997,1.37122972339109,0.132153427922666,3,131,0.485694242399075
1.34150551916866,1.39834289901145,0.19606973262576,3,106,0.496865959581416
1.2448698456795,1.44176403113828,0.458874690018135,5,275,0.494943600885468
1.22380994300652,1.42679815726227,0.479624700219664,4,295,0.500657560927367
1.26653758982892,1.33038078341001,0.403061280418015,4,282,0.495390120343594
1.32488399830686,1.44652206498008,0.176190708729415,5,264,0.491518926239801
1.29938174878738,1.45090671158062,0.190708020054874,4,248,0.506954755143029
1.32083535187793,1.46165619173717,0.385179549815313,5,272,0.493960228376712
1.29913666453471,1.489063923039,0.435860893928945,3,240,0.514620464914903
1.19336938327152,1.38590270161343,0.485967610700752,4,286,0.49524537094034
1.19298329287741,1.33652778615278,0.440604455242019,4,274,0.503713638010421
1.27960448147363,1.44811781131881,0.392843091599353,5,270,0.491728989650879
1.25745323102139,1.37947699321855,0.413574127651544,5,169,0.517178960334978
1.31300254251563,1.41295424314125,0.360504756167226,4,280,0.48880792982502
1.27973123475578,1.40240530289975,0.448908531110056,4,187,0.501402928562164
1.16220064568002,1.33490532119471,0.449399361166928,4,277,0.503727947373029
1.33455639238394,1.45422773583911,0.238534572271658,4,279,0.485959648083985
1.25367296342964,1.34916014269564,0.315504273974128,3,218,0.543441055355361
1.20851824169228,1.36824997320783,0.265742815621964,4,140,0.505455012206769
1.22392172897141,1.34989783838919,0.413986131180467,4,269,0.49822547391206
1.25367762377896,1.38279203714601,0.162151296073743,5,264,0.491897819949158
1.22503055458427,1.35973162211943,0.287195894630845,3,202,0.524126725596894
1.2638907314757,1.34850369287213,0.272720535362995,3,151,0.510212194751068
1.28377982480649,1.34782922069547,0.373269756249451,3,132,0.493656677271151
1.27553729524393,1.36980901838771,0.115751092400734,4,176,0.502556595222946
1.321988872752,1.38525957945135,0.148832624685876,4,86,0.56591871830423
1.31553675059824,1.39208476716073,0.325030343710164,5,159,0.516183823919659
1.31580805352918,1.38603480981248,0.168324485190154,3,123,0.491771151419227
1.28277571945587,1.37641597700415,0.240178910171215,3,135,0.497941195684099
1.30498317683239,1.38131349269161,0.306209179105659,3,125,0.488508790966158
1.26428263712079,1.47357849603162,0.437853632577933,5,285,0.46259796302226
1.27733825491151,1.50996958024597,0.4298892624664,5,287,0.464079111258224
1.23068160817457,1.37294067220956,0.136659296731414,3,132,0.482146027971016
1.21602357346341,1.37551564998038,0.141700101547216,3,134,0.487822276595765
1.31537982196547,1.3831723499906,0.286205647533912,3,117,0.492656937879314
1.27127131926306,1.4740404251706,0.424836297844802,5,281,0.4800966489676
1.28442858831709,1.48916310980211,0.422855619565241,5,377,0.510177574634854
1.27721066184182,1.5691529341078,0.437409442298356,5,284,0.478220777887206
1.33608900042336,1.59720670676404,0.441693757972105,5,298,0.4942334734842
1.24538079459904,1.48646027579549,0.506766065667296,5,300,0.496514440265837
1.22245253772106,1.5358749489437,0.637976160003098,6,313,0.516885786798649
1.24808626503124,1.54115232160862,0.466217371328018,7,399,0.513580863560682
1.31607861475791,1.52456433927703,0.445459472323338,5,338,0.508491493167223
1.40827559504111,1.50626649952613,0.461567584798426,6,326,0.517020913691319
1.43011093768864,1.4558158907781,0.482755916247826,6,346,0.525331574060595
1.31740295340203,1.49614704629908,0.773902916831177,5,349,0.601940793943593
1.31956010833711,1.5144737628535,0.521872832222962,6,341,0.511921195489594
1.33549338111095,1.51408390411659,0.528800825187226,6,494,0.529668311264273
1.22651245128764,1.36751486188442,0.141362947456535,3,86,0.525098873707313
1.22941496250332,1.39723345170287,0.17344317484358,3,113,0.490615259892381
1.17527394689219,1.34589139102065,0.134374144548386,3,57,0.544053310551993
1.16337549669038,1.3712242141061,0.138652773050696,3,131,0.486018433851809
1.19733577060115,1.36656589068672,0.102882991029274,3,133,0.492102830788999
1.19262060039073,1.3327926834177,0.46968577504803,4,290,0.50219641243365
1.12453442598154,1.33131508180801,0.529433456059252,4,288,0.505560912907274
1.16415706542937,1.3058081059889,0.548751153265339,4,351,0.528694551961411
1.14109849718619,1.30283827360835,0.63592535100478,5,367,0.533325518212965
1.06844562369509,1.36216567156114,0.366762334276126,3,265,0.515354299151309
1.18043267101513,1.29223429742368,0.406046573694147,5,265,0.497646097388667
1.06895992153737,1.34138642956512,0.440196235881294,4,259,0.511270454130878
1.32859637310297,1.45260611867802,0.117304854246176,6,346,0.512208594591562
1.33608737406583,1.44638363381483,0.114647910939755,6,286,0.487221129269449
1.3232300063937,1.39495925913114,0.21158384495442,3,114,0.492598483331755
1.29289726709684,1.47622023506269,0.469957460245615,5,306,0.501932676527289
1.22998830941517,1.36204038825365,0.159438718324927,4,110,0.521035642860408
1.22525417840645,1.41752290498915,0.479605366575306,4,286,0.492810932220509
1.17644860238482,1.42588631975338,0.418635244778666,5,278,0.474417181670363
1.31531724424078,1.4727206197846,0.302050895687126,5,273,0.494403854770871
1.29091878825431,1.47694620810984,0.270979657697949,3,212,0.525333584155264
1.27328066670303,1.42198945844532,0.453500090456259,3,267,0.510301736016288
1.26267999659728,1.34302264665045,0.350233786680565,3,167,0.51999227538059
1.18180893600538,1.34057033359596,0.470710406431288,5,289,0.493000741435829
1.1570639230382,1.42408349803762,0.427037418420135,4,303,0.500398120191559
1.32570318528989,1.45858752767058,0.382939572316622,5,272,0.49443028411857
1.32110912217333,1.3978377358942,0.453035630607617,4,289,0.501091727937926
1.30896423784981,1.40473347483266,0.415611056960627,5,310,0.500268325960449
1.18422024111923,1.34868432745949,0.364731454827884,4,226,0.509474558261494
1.21020819062658,1.34499773867722,0.40758051881561,3,269,0.51606377276241
1.28072960057677,1.41107098631653,0.118277083205125,4,170,0.516066272933628
1.25736960859994,1.3772093145638,0.190020588657954,3,126,0.489982414580044
1.25825046785757,1.37697705898815,0.168957146099722,3,130,0.485473251119207
1.17156005295077,1.33377637722744,0.406713403363972,4,267,0.49574948979231
1.34321218499221,1.38530340318469,0.278348837336815,5,259,0.5122417917812
1.26765095366309,1.38454519812007,0.404536195380921,4,204,0.522541317886161
1.265510258991,1.38346855554561,0.45222458334927,3,119,0.499440952196431
1.23747506607134,1.44092117860272,0.1,4,263,0.492471105622045
1.2947652595349,1.36854893676415,0.344377101235029,3,198,0.526732727723851
1.26500006226163,1.36592839408721,0.358007761927146,4,119,0.51452803560641
1.32349553783476,1.40285614136498,0.191459398917963,2,193,0.56375870249116
1.31541380554407,1.39516015776362,0.176423909967615,3,95,0.515706799565272
1.31428440794809,1.38129307622896,0.299080764640417,3,120,0.500000354804208
1.18221195094144,1.49463493058234,0.428893544293318,6,290,0.46895976017777
1.18956370165165,1.59810158180483,0.440369707446363,7,311,0.482307954860832
1.2230841070986,1.37455143178687,0.12283594127424,3,133,0.48201473487141
1.17015873828694,1.37183783452149,0.10756238103483,3,135,0.487035208229873
1.26442991535292,1.4627431643455,0.43645294704849,5,283,0.479892685111837
1.23241510961333,1.47198284463369,0.439692269477895,5,272,0.490867575996324
1.27008248985541,1.50125977427162,0.451221443743769,6,364,0.508291425463167
1.28336855845163,1.5372451341125,0.679066064257325,5,285,0.520022506768292
1.2820309805333,1.55294493767469,0.435758013412443,6,284,0.476727147087694
1.24119561000007,1.49929985651287,0.554247649754656,5,298,0.4985442298496
1.20243061057345,1.52272323199329,0.593323905400582,7,462,0.538268036340793
1.10548896512763,1.4888289928449,0.425861198613508,6,278,0.475837646623128
1.17313323626022,1.55328781701258,0.640698467120804,6,387,0.532038963962021
1.18427052424619,1.53309309138264,0.449065764046105,7,288,0.482090751875903
1.17741390397009,1.53314903829662,0.417321440682493,7,292,0.489741763966216
1.14823444756568,1.50444579517997,0.661892794951278,7,307,0.518716055190907
1.1386592025936,1.59023643710866,0.501573667506762,7,383,0.516460410432226
1.35996058916643,1.49707043546108,0.381461605822202,5,383,0.518290359561142
1.37110891183719,1.46642330992519,0.427429673187457,6,270,0.495708228627297
1.35704086399355,1.56053263140565,0.455519356213571,5,310,0.499731268139449
1.31671924174348,1.49592611865585,0.506462486729732,5,329,0.51678966691031
1.318701868941,1.49724204243859,0.555967057675664,6,370,0.513756939737026
1.22302136054581,1.37499280528345,0.121379733672425,3,133,0.491623856182647
1.23121573355421,1.39383481799541,0.103169110947808,3,101,0.497464052496843
1.14179821005606,1.38045772359683,0.123589853938891,2,99,0.504081070694468
1.21503580412397,1.35644336884288,0.122806020611058,3,136,0.498829716069779
1.25436515373692,1.3605170827472,0.161950450609221,3,167,0.518547623586406
1.16347456238963,1.35540899134195,0.147957720731073,2,50,0.502744027619685
1.17815422617795,1.37044930048171,0.113282609103762,3,136,0.498637975078716
1.1704194913659,1.33857707306763,0.577054647190481,4,292,0.520004325758205
1.20435732694128,1.29965118452887,0.470016764340197,4,384,0.529965451333093
1.32608809853268,1.43817599878267,0.134444235573562,6,248,0.51049673883828
1.20886565741741,1.48550126787404,0.427650456826758,6,288,0.48189325193594
1.32381332646095,1.47470419849,0.457215007343652,5,299,0.495914615451591
1.22321752094814,1.45413138426369,0.267766858735976,3,173,0.517401711588974
1.2429631030479,1.46115404652517,0.144658478682126,3,194,0.510038252426574
1.23452632474043,1.37175339935112,0.43990725707282,4,286,0.495109593288495
1.27805734119365,1.44833937319507,0.459071443119292,5,276,0.493927017025059
1.29996402907346,1.43209808386111,0.462091089395016,5,201,0.51429378404418
1.35200828847781,1.48459512968783,0.457473083422094,5,297,0.497772960315042
1.22948948276759,1.40816393639042,0.303623986325009,4,137,0.506366681329048
1.2351531773593,1.35599598536716,0.364285812172927,4,246,0.509541277476345
1.1869916485499,1.3463929251623,0.454002961941599,6,289,0.489391909956365
1.28896180282761,1.48073748116303,0.323290959717615,6,283,0.479248525801855
1.18085781009819,1.45562382437775,0.291505396056043,6,169,0.524173105393171
1.25275499641486,1.40512791813287,0.230651416479488,4,230,0.511119755805285
1.27864669333605,1.4393053303859,0.224958256428101,3,209,0.522529843285655
1.24865714474152,1.38333985054331,0.471541465031718,4,302,0.506228835448956
1.32301771287072,1.47126895364199,0.23901134930559,5,278,0.477074993181814
1.32103630514794,1.45840743165799,0.376941110570747,3,130,0.483851749868201
1.22890336139842,1.37295880955176,0.12936050753098,3,132,0.490636329506367
1.1935631658842,1.32455696203722,0.241095151259872,4,318,0.516909334709409
1.25140154381497,1.43060412867748,0.109344078256937,3,237,0.521296741535356
1.28798461401964,1.38277684624844,0.140540240586225,3,128,0.49248337257877
1.19288894501806,1.33971663910577,0.348696347556662,4,320,0.515814150111452
1.27020391725428,1.42817287663064,0.119797216739455,5,183,0.501610047732289
1.26822825378344,1.38879010181801,0.161277966054032,3,114,0.492050129725418
1.2465774527659,1.44486726222261,0.143603064637555,5,276,0.492751708716563
1.33628149144886,1.39822695980823,0.194312512281055,3,220,0.542857053849102
1.32034805425334,1.39039173131559,0.152819525839472,3,184,0.510698071948493
1.3212667138521,1.49125571525845,0.312131876442438,5,291,0.473280681073637
1.31903313242765,1.52133578914359,0.393933260586121,5,316,0.485221870963017
1.32091983259571,1.50564026949251,0.458567514286992,3,143,0.48814775446565
1.24944805914507,1.46044974398484,0.43929575925543,5,282,0.479537906085656
1.26226068892552,1.46479573713479,0.441175731811884,5,282,0.480162747628425
1.22989299404449,1.47293676608795,0.434452070468202,5,278,0.473088007698679
1.26939078656725,1.47762552404545,0.660284933348246,5,345,0.538284535758488
1.29282884555365,1.51432256575762,0.498154203526871,6,416,0.520751796417505
1.29639612568783,1.60422602115191,0.426671594335773,5,283,0.479386211572086
1.20802482955238,1.49085949164021,0.459309819181875,6,428,0.519013245983393
1.1858118728418,1.49501632837905,0.414388060827582,6,290,0.484888903024019
1.12701381243168,1.50341726596333,0.405110821556341,6,294,0.492511869996426
1.17957133785881,1.54255486883716,0.392816642149849,8,350,0.507101986308449
1.17208898644795,1.58277441687572,0.483397868257355,6,353,0.510158081987077
1.17731118006439,1.56948261389733,0.398526590062223,8,293,0.489088746221972
1.04692420753048,1.49856999223229,0.454741269122914,9,452,0.536384708293907
1.32147814144473,1.49752198871106,0.218230657479053,5,280,0.479109094825071
1.30891487900541,1.51841157324102,0.309423853446796,5,276,0.492543795752906
1.39528023552298,1.50963804150981,0.336625496966801,6,408,0.520587193252278
1.34177483780614,1.50913360223678,0.203604599786258,6,293,0.491664246343993
1.32131970326462,1.52024049456531,0.293728687579879,6,363,0.511022438809855
1.35996058916643,1.49707043546108,0.381461605822202,5,383,0.518290359561142
1.37110891183719,1.46642330992519,0.427429673187457,6,270,0.495708228627297
1.35704086399355,1.56053263140565,0.455519356213571,5,310,0.499731268139449
1.31909383099534,1.48704929857899,0.476403508793448,6,380,0.51368470987348
1.22025403651868,1.37444569623347,0.122183376965791,3,133,0.491641435740462
1.22633959754879,1.38929754324855,0.163052371175078,3,106,0.494891043495213
1.19251185259666,1.32837728118016,0.101839112424986,3,134,0.499105262574091
1.25764394359694,1.36299320003073,0.218299978342149,2,126,0.52818007732782
1.23833048988563,1.31379600961549,0.169261323641639,3,132,0.494982962087134
1.11425411636338,1.37248610015009,0.507541038466445,4,254,0.509904903228825
1.22868616585006,1.48408568161395,0.430211311258358,6,291,0.487645058757757
1.31172946539359,1.48238250096342,0.339591891344165,5,292,0.493629908850781
1.29990624627695,1.47415376969705,0.461678525921279,5,300,0.496518802168752
1.25332613524523,1.37989778173932,0.162266876973702,3,202,0.522653727185882
1.23838856665173,1.38719984420917,0.204845398593837,5,149,0.508849824959281
1.24443964225245,1.45259599203326,0.468867518612723,5,286,0.483398410295633
1.30155378639704,1.47216789457721,0.42191267740657,5,267,0.487230878855172
1.34399220443869,1.49340811168678,0.341859266099454,5,291,0.49359642510014
1.29239623094158,1.48916678211078,0.471648923348244,5,306,0.501860386670322
1.204871973347,1.3874636314543,0.364597546094534,3,220,0.53891899440886
1.20114986286691,1.36796344181605,0.399002299134695,3,203,0.523393881048126
1.18643961366828,1.38187095831274,0.431462506220426,6,288,0.485959036617113
1.29576107153251,1.49043198421366,0.410947563551502,5,301,0.494264799979153
1.31937768451512,1.47882801052659,0.388126974188565,5,312,0.50082593167615
1.2058443848785,1.34857619120423,0.254064426482133,3,234,0.533233657641455
1.23246759645898,1.37269212105316,0.212633633388115,5,250,0.510957427183538
1.21067940702795,1.43411942855773,0.381746609771428,5,290,0.487709802201705
1.32124975766052,1.47557383814588,0.362529566940921,5,166,0.508403060180746
1.25275499641486,1.40512791813287,0.230651416479488,4,230,0.511119755805285
1.27864669333605,1.4393053303859,0.224958256428101,3,209,0.522529843285655
1.24865714474152,1.38333985054331,0.471541465031718,4,302,0.506228835448956
1.32044664388187,1.47326055052994,0.40643499574205,3,188,0.503285129682357
1.23227383767943,1.37366522241769,0.132697100347118,3,132,0.490633481242982
1.19882188244843,1.33718957346435,0.261965102082437,3,221,0.54559219354083
1.29627681347004,1.46915818286788,0.185607080157169,3,130,0.482811194238468
1.21159382849877,1.33464918974446,0.513214400760244,3,282,0.514822007420446
1.3054959266198,1.42052143934269,0.216030924404293,3,131,0.485036510315512
1.30448688049675,1.43811740589535,0.416811790722005,3,97,0.519373887247879
1.28072985046183,1.54237664277029,0.462190156337235,6,285,0.459805852063238
1.3270217867131,1.67749651158403,0.454720058705944,7,283,0.460759218628077
1.27764529743652,1.47517172218432,0.12834975583678,3,130,0.47476596106773
1.24960486799451,1.48189918790359,0.1093883432834,3,130,0.474523460802416
1.20740402497786,1.48942533725129,0.103109056392387,3,130,0.47533929520661
1.27994284068365,1.5708251712809,0.460805186327386,6,285,0.48288577372981
1.33360821365275,1.55226877919427,0.463383773567766,6,284,0.479130265878664
1.2790818121062,1.54020577035624,0.555640169230384,6,283,0.482503891016648
1.30457875159302,1.5618216613158,0.503422644137444,7,404,0.510114548432815
1.2676553346121,1.59883899812606,0.461445917837822,6,267,0.48461066672772
1.33306812729964,1.71955688171321,0.553446771927685,7,413,0.522820572241284
1.30445829672377,1.64621815220086,0.58451438151784,8,416,0.525946597441495
1.29038242668089,1.46552164494559,0.442789325405665,5,286,0.484228393068642
1.26534975988769,1.46799741231811,0.412557218783443,5,283,0.480080046457099
1.26612496496599,1.46824546049099,0.471743265292135,5,334,0.509664030005153
1.21789874388401,1.47273793135056,0.423536226612739,5,264,0.48542321927885
1.30099840583902,1.47608264435979,0.568331882356626,7,426,0.529162438990488
1.28294659796598,1.55627939123711,0.746691078922497,6,430,0.600159474660124
1.21129359264836,1.49513963713141,0.417493040428292,6,290,0.484301895374451
1.13276392946848,1.49555234067861,0.446866755074167,7,394,0.514152382311197
1.17258117184227,1.49519733763546,0.407889738808153,7,280,0.474785753426192
1.1762181821578,1.59058765515411,0.490296666144791,7,347,0.508092483537921
1.14588852482968,1.56078386926008,0.454060090446276,6,406,0.510554906649306
1.35662520158324,1.48962411166355,0.27127826202597,6,241,0.511184662364344
1.32156954105046,1.49916574470349,0.208566427967503,5,294,0.494164435627459
1.36240884056221,1.55715382738332,0.317537224788684,6,338,0.510030007772433
1.37765595917592,1.51306788768054,0.364283621034944,6,326,0.513692905851544
1.24902560530227,1.48357394496963,0.172068475251577,3,114,0.488173274037296
1.2556723059376,1.53206310397519,0.10035972204349,3,129,0.491257451029074
1.26458548326089,1.47272632662061,0.110889103379788,3,129,0.490557446344589
1.30350583945734,1.53740815013119,0.449435771635575,6,296,0.489497195230922
1.37605849733372,1.45213644270681,0.578751116139365,5,288,0.506605137765697
1.21834704168702,1.37481068362498,0.118482649553579,3,134,0.49629064812354
1.26566475517344,1.50237906881338,0.441141147078368,6,285,0.477496566823105
1.2092398764779,1.52596396738668,0.431620809989353,6,288,0.481584263675659
1.29488845801571,1.48975559425104,0.318409896267496,5,289,0.486880928294964
1.25415015522325,1.48542832963394,0.175338910783156,6,134,0.5081707648203
1.29406862668025,1.52686824522911,0.46557650325542,6,294,0.490464505375613
1.23806904740371,1.51278686588165,0.345100814896699,5,255,0.496689254481671
1.247526427616,1.56558116106254,0.38230451822456,4,224,0.509597295722801
1.1916918938499,1.48144217010032,0.42689148611442,6,289,0.483490333312152
1.30062397807345,1.49082804126277,0.400412089670179,5,288,0.485345833848583
1.25732463793596,1.48293289076164,0.377743959268563,3,186,0.4992808631618
1.31290449556185,1.47530624925885,0.441644476172285,5,304,0.499829511298045
1.22715175932794,1.45383758006297,0.302785284551215,4,283,0.485747325824345
1.23661608721647,1.43465609014308,0.414972724689124,4,187,0.496762476174788
1.35727100756754,1.49022199136515,0.383346195077811,5,290,0.491280781213387
1.2538922164817,1.48081112131295,0.221099029076499,5,236,0.511476313903525
1.30740722788385,1.48624725682383,0.447496104339176,5,299,0.494501233150558
1.18862581955071,1.42729972061291,0.167464153532491,5,155,0.502314468592854
1.19964662755128,1.45026100744008,0.288245606028279,5,271,0.491262552130482
1.28222723931609,1.48715703856262,0.14678519692128,3,186,0.499711044261655
1.32032065338336,1.4799315561516,0.380083371288555,5,300,0.496662883645226
1.25967962146524,1.46456353185194,0.174588710437647,3,170,0.51496179716692
1.2343437111771,1.45573978334169,0.230823248855053,3,130,0.482086778953279
1.30332697322955,1.47585610792158,0.277893855764056,4,249,0.504874330136974
1.22757772744422,1.3518432756565,0.113830912179543,3,134,0.497678964914666
1.24438609524041,1.3948456474323,0.134682336473279,3,132,0.489719346243869
1.23165388806564,1.410991280665,0.324277984951792,2,216,0.572743007983023
1.24914439704497,1.3981891251264,0.303658866538568,4,109,0.522648006531838
1.22687526906265,1.37317756783962,0.132204056798088,3,133,0.49173548704367
1.23667940787193,1.5180461096059,0.283494789404379,3,128,0.479115647604432
1.23965883201509,1.61181712331513,0.342419486621772,3,125,0.475698646949457
1.24345939749283,1.75294248793333,0.408339714242794,3,119,0.505139262095987
1.27775695623919,1.58527249997886,0.466107121107671,6,285,0.477906897437978
1.28422553031774,1.56609666016036,0.463069993310281,6,282,0.476999842387595
1.25559407767446,1.55722903370005,0.480074303483609,6,283,0.47687945912954
1.2845889945108,1.54484822925947,0.711300502701994,6,346,0.552079962442048
1.31562228947037,1.51426307995986,0.486168826940321,7,421,0.522289081685542
1.26440420837131,1.60438811109015,0.461095539620252,6,265,0.483024677717356
1.33787193924657,1.73354231596183,0.581726289849601,8,426,0.52446437547762
1.26215794858536,1.47120194497628,0.436740506884747,5,283,0.480241816083038
1.24141211714714,1.46534153692148,0.517584670585352,5,286,0.486037056251763
1.26523091861174,1.47025808111415,0.399135397897559,6,344,0.507226458142138
1.26942535772187,1.37345642160025,0.45565296188934,5,349,0.511749721524867
1.21327701653147,1.47255386541977,0.42115780474856,5,262,0.486208564611714
1.3044316166742,1.48433489971352,0.594583356631934,7,439,0.542699063158005
1.16291235288524,1.4960038536039,0.499967462464954,6,289,0.48455094710535
1.19069029765479,1.49759840380885,0.42432277825551,6,274,0.491610492387585
1.13527436726843,1.47642861258461,0.440964163858477,7,411,0.519996847653792
1.16112022064145,1.49676797458389,0.404764642920257,7,279,0.473709122975467
1.1728121691447,1.60059461338706,0.515801466396381,7,361,0.50779403260283
1.35108321095708,1.49322276890833,0.262010508882004,5,356,0.513513995066145
1.36833330652888,1.50223258878504,0.315710980766989,6,253,0.500692065186382
1.32169648675886,1.50045478037493,0.195711193092034,5,292,0.493852465729439
1.37059072445833,1.56687918433928,0.333311886052701,6,351,0.517281006218595
1.25330976826775,1.49042742823836,0.153933465579627,3,130,0.481793135517534
1.24318073052254,1.48408327002816,0.155368828902976,3,107,0.488072730739982
1.25788236934559,1.54100875031825,0.100328105668856,3,129,0.491429672989342
1.1896072630432,1.57769357670185,0.356656608488776,2,128,0.526108153218306
1.23825571613372,1.77600960424163,0.349878919873289,3,125,0.500915637824713
1.37280757704765,1.44407053540513,0.554831489981273,4,274,0.520615570980909
1.27359621012771,1.50804628670919,0.441432823545166,5,285,0.479403764887387
1.19870058670135,1.51859924519651,0.436166155581993,6,291,0.487464719642714
1.30676754278765,1.52906233594245,0.336927737320923,5,288,0.48508614146358
1.27245234811899,1.48516429164484,0.169388006336524,3,201,0.510513257843288
1.2490791576334,1.60197824049534,0.369533858020545,6,142,0.512069599110976
1.29081750043946,1.5324173581932,0.46522612503785,6,292,0.490186085393775
1.24287285935065,1.52677230013027,0.373380332818615,6,268,0.48558432201134
1.16879927404233,1.48122300202015,0.43117477271957,6,290,0.485288908171398
1.30993583928595,1.47870707668978,0.294517195024058,5,290,0.489192108891844
1.25614510270773,1.48100449016493,0.367404586379079,3,216,0.525726043888344
1.25466170148845,1.61747100959105,0.428092129684008,3,197,0.511155188975786
1.30828276820931,1.47512218332805,0.439266054308107,5,302,0.497358151642715
1.23058497016312,1.4620898354167,0.329036758826523,4,295,0.497239363292548
1.3546469035775,1.49191998824203,0.371372785582403,5,291,0.494197720044721
1.26143827930853,1.4790645534734,0.334884302758778,3,232,0.519393996319467
1.23852620148156,1.61206329462829,0.379860146469758,5,248,0.505168343066919
1.29594627668303,1.48781789377227,0.44437100845128,6,297,0.491845394327484
1.18521980653761,1.43730667884587,0.190893565445773,5,168,0.519504292155519
1.27160245762096,1.48472516028008,0.14697329233288,4,218,0.524387090487152
1.28360955931091,1.53402149887389,0.334308848561685,3,196,0.512382492291668
1.32044759909176,1.48122059182304,0.367228136413085,5,299,0.495194749857137
1.26786150536137,1.4742888888079,0.185249008499083,3,183,0.499586936980785
1.23757441349583,1.55337757189578,0.275625634982474,3,124,0.489319524328258
1.29748209844981,1.47636543298012,0.248143326458666,4,233,0.511990877792325
1.22978779085221,1.36078892199956,0.11271027901364,3,133,0.492433902256846
1.27509245844237,1.48046303020486,0.478069862933952,4,305,0.505725188407674
1.22593484433563,1.47972736479211,0.272460347597042,3,129,0.491330267664727
1.23506694420368,1.3909681280677,0.25471929394363,4,95,0.547463970964331
1.27775695623919,1.58527249997886,0.466107121107671,6,285,0.477906897437978
1.28422553031774,1.56609666016036,0.463069993310281,6,282,0.476999842387595
1.25559407767446,1.55722903370005,0.480074303483609,6,283,0.47687945912954
1.2845889945108,1.54484822925947,0.711300502701994,6,346,0.552079962442048
1.31562228947037,1.51426307995986,0.486168826940321,7,421,0.522289081685542
1.26440420837131,1.60438811109015,0.461095539620252,6,265,0.483024677717356
1.33787193924657,1.73354231596183,0.581726289849601,8,426,0.52446437547762
1.26215794858536,1.47120194497628,0.436740506884747,5,283,0.480241816083038
1.24141211714714,1.46534153692148,0.517584670585352,5,286,0.486037056251763
1.26523091861174,1.47025808111415,0.399135397897559,6,344,0.507226458142138
1.26942535772187,1.37345642160025,0.45565296188934,5,349,0.511749721524867
1.21327701653147,1.47255386541977,0.42115780474856,5,262,0.486208564611714
1.3044316166742,1.48433489971352,0.594583356631934,7,439,0.542699063158005
1.16291235288524,1.4960038536039,0.499967462464954,6,289,0.48455094710535
1.19069029765479,1.49759840380885,0.42432277825551,6,274,0.491610492387585
1.13527436726843,1.47642861258461,0.440964163858477,7,411,0.519996847653792
1.16112022064145,1.49676797458389,0.404764642920257,7,279,0.473709122975467
1.1728121691447,1.60059461338706,0.515801466396381,7,361,0.50779403260283
1.35108321095708,1.49322276890833,0.262010508882004,5,356,0.513513995066145
1.36833330652888,1.50223258878504,0.315710980766989,6,253,0.500692065186382
1.32169648675886,1.50045478037493,0.195711193092034,5,292,0.493852465729439
1.37059072445833,1.56687918433928,0.333311886052701,6,351,0.517281006218595
1.25330976826775,1.49042742823836,0.153933465579627,3,130,0.481793135517534
1.24318073052254,1.48408327002816,0.155368828902976,3,107,0.488072730739982
1.25788236934559,1.54100875031825,0.100328105668856,3,129,0.491429672989342
1.1896072630432,1.57769357670185,0.356656608488776,2,128,0.526108153218306
1.23825571613372,1.77600960424163,0.349878919873289,3,125,0.500915637824713
1.37280757704765,1.44407053540513,0.554831489981273,4,274,0.520615570980909
1.27359621012771,1.50804628670919,0.441432823545166,5,285,0.479403764887387
1.19870058670135,1.51859924519651,0.436166155581993,6,291,0.487464719642714
1.30676754278765,1.52906233594245,0.336927737320923,5,288,0.48508614146358
1.27245234811899,1.48516429164484,0.169388006336524,3,201,0.510513257843288
1.2490791576334,1.60197824049534,0.369533858020545,6,142,0.512069599110976
1.29081750043946,1.5324173581932,0.46522612503785,6,292,0.490186085393775
1.24287285935065,1.52677230013027,0.373380332818615,6,268,0.48558432201134
1.16879927404233,1.48122300202015,0.43117477271957,6,290,0.485288908171398
1.30993583928595,1.47870707668978,0.294517195024058,5,290,0.489192108891844
1.25614510270773,1.48100449016493,0.367404586379079,3,216,0.525726043888344
1.25466170148845,1.61747100959105,0.428092129684008,3,197,0.511155188975786
1.30828276820931,1.47512218332805,0.439266054308107,5,302,0.497358151642715
1.23058497016312,1.4620898354167,0.329036758826523,4,295,0.497239363292548
1.3546469035775,1.49191998824203,0.371372785582403,5,291,0.494197720044721
1.26143827930853,1.4790645534734,0.334884302758778,3,232,0.519393996319467
1.23852620148156,1.61206329462829,0.379860146469758,5,248,0.505168343066919
1.29594627668303,1.48781789377227,0.44437100845128,6,297,0.491845394327484
1.18521980653761,1.43730667884587,0.190893565445773,5,168,0.519504292155519
1.27160245762096,1.48472516028008,0.14697329233288,4,218,0.524387090487152
1.28360955931091,1.53402149887389,0.334308848561685,3,196,0.512382492291668
1.32044759909176,1.48122059182304,0.367228136413085,5,299,0.495194749857137
1.26786150536137,1.4742888888079,0.185249008499083,3,183,0.499586936980785
1.23757441349583,1.55337757189578,0.275625634982474,3,124,0.489319524328258
1.29748209844981,1.47636543298012,0.248143326458666,4,233,0.511990877792325
1.22978779085221,1.36078892199956,0.11271027901364,3,133,0.492433902256846
1.27509245844237,1.48046303020486,0.478069862933952,4,305,0.505725188407674
1.22593484433563,1.47972736479211,0.272460347597042,3,129,0.491330267664727
1.23506694420368,1.3909681280677,0.25471929394363,4,95,0.547463970964331
1.27775695623919,1.58527249997886,0.466107121107671,6,285,0.477906897437978
1.28422553031774,1.56609666016036,0.463069993310281,6,282,0.476999842387595
1.25559407767446,1.55722903370005,0.480074303483609,6,283,0.47687945912954
1.2845889945108,1.54484822925947,0.711300502701994,6,346,0.552079962442048
1.31562228947037,1.51426307995986,0.486168826940321,7,421,0.522289081685542
1.26440420837131,1.60438811109015,0.461095539620252,6,265,0.483024677717356
1.33787193924657,1.73354231596183,0.581726289849601,8,426,0.52446437547762
1.26215794858536,1.47120194497628,0.436740506884747,5,283,0.480241816083038
1.24141211714714,1.46534153692148,0.517584670585352,5,286,0.486037056251763
1.26523091861174,1.47025808111415,0.399135397897559,6,344,0.507226458142138
1.26942535772187,1.37345642160025,0.45565296188934,5,349,0.511749721524867
1.21327701653147,1.47255386541977,0.42115780474856,5,262,0.486208564611714
1.3044316166742,1.48433489971352,0.594583356631934,7,439,0.542699063158005
1.16291235288524,1.4960038536039,0.499967462464954,6,289,0.48455094710535
1.19069029765479,1.49759840380885,0.42432277825551,6,274,0.491610492387585
1.13527436726843,1.47642861258461,0.440964163858477,7,411,0.519996847653792
1.16112022064145,1.49676797458389,0.404764642920257,7,279,0.473709122975467
1.1728121691447,1.60059461338706,0.515801466396381,7,361,0.50779403260283
1.35108321095708,1.49322276890833,0.262010508882004,5,356,0.513513995066145
1.36833330652888,1.50223258878504,0.315710980766989,6,253,0.500692065186382
1.32169648675886,1.50045478037493,0.195711193092034,5,292,0.493852465729439
1.37059072445833,1.56687918433928,0.333311886052701,6,351,0.517281006218595
1.25330976826775,1.49042742823836,0.153933465579627,3,130,0.481793135517534
1.24318073052254,1.48408327002816,0.155368828902976,3,107,0.488072730739982
1.25788236934559,1.54100875031825,0.100328105668856,3,129,0.491429672989342
1.1896072630432,1.57769357670185,0.356656608488776,2,128,0.526108153218306
1.23825571613372,1.77600960424163,0.349878919873289,3,125,0.500915637824713
1.37280757704765,1.44407053540513,0.554831489981273,4,274,0.520615570980909
1.27359621012771,1.50804628670919,0.441432823545166,5,285,0.479403764887387
1.19870058670135,1.51859924519651,0.436166155581993,6,291,0.487464719642714
1.30676754278765,1.52906233594245,0.336927737320923,5,288,0.48508614146358
1.27245234811899,1.48516429164484,0.169388006336524,3,201,0.510513257843288
1.2490791576334,1.60197824049534,0.369533858020545,6,142,0.512069599110976
1.29081750043946,1.5324173581932,0.46522612503785,6,292,0.490186085393775
1.24287285935065,1.52677230013027,0.373380332818615,6,268,0.48558432201134
1.16879927404233,1.48122300202015,0.43117477271957,6,290,0.485288908171398
1.30993583928595,1.47870707668978,0.294517195024058,5,290,0.489192108891844
1.25614510270773,1.48100449016493,0.367404586379079,3,216,0.525726043888344
1.25466170148845,1.61747100959105,0.428092129684008,3,197,0.511155188975786
1.30828276820931,1.47512218332805,0.439266054308107,5,302,0.497358151642715
1.23058497016312,1.4620898354167,0.329036758826523,4,295,0.497239363292548
1.3546469035775,1.49191998824203,0.371372785582403,5,291,0.494197720044721
1.26143827930853,1.4790645534734,0.334884302758778,3,232,0.519393996319467
1.23852620148156,1.61206329462829,0.379860146469758,5,248,0.505168343066919
1.29594627668303,1.48781789377227,0.44437100845128,6,297,0.491845394327484
1.18521980653761,1.43730667884587,0.190893565445773,5,168,0.519504292155519
1.27160245762096,1.48472516028008,0.14697329233288,4,218,0.524387090487152
1.28360955931091,1.53402149887389,0.334308848561685,3,196,0.512382492291668
1.32044759909176,1.48122059182304,0.367228136413085,5,299,0.495194749857137
1.26786150536137,1.4742888888079,0.185249008499083,3,183,0.499586936980785
1.23757441349583,1.55337757189578,0.275625634982474,3,124,0.489319524328258
1.29748209844981,1.47636543298012,0.248143326458666,4,233,0.511990877792325
1.22978779085221,1.36078892199956,0.11271027901364,3,133,0.492433902256846
1.27509245844237,1.48046303020486,0.478069862933952,4,305,0.505725188407674
1.22593484433563,1.47972736479211,0.272460347597042,3,129,0.491330267664727
1.23506694420368,1.3909681280677,0.25471929394363,4,95,0.547463970964331
1.27775695623919,1.58527249997886,0.466107121107671,6,285,0.477906897437978
1.28422553031774,1.56609666016036,0.463069993310281,6,282,0.476999842387595
1.25559407767446,1.55722903370005,0.480074303483609,6,283,0.47687945912954
1.2845889945108,1.54484822925947,0.711300502701994,6,346,0.552079962442048
1.31562228947037,1.51426307995986,0.486168826940321,7,421,0.522289081685542
1.26440420837131,1.60438811109015,0.461095539620252,6,265,0.483024677717356
1.33787193924657,1.73354231596183,0.581726289849601,8,426,0.52446437547762
1.26215794858536,1.47120194497628,0.436740506884747,5,283,0.480241816083038
1.24141211714714,1.46534153692148,0.517584670585352,5,286,0.486037056251763
1.26523091861174,1.47025808111415,0.399135397897559,6,344,0.507226458142138
1.26942535772187,1.37345642160025,0.45565296188934,5,349,0.511749721524867
1.21327701653147,1.47255386541977,0.42115780474856,5,262,0.486208564611714
1.3044316166742,1.48433489971352,0.594583356631934,7,439,0.542699063158005
1.16291235288524,1.4960038536039,0.499967462464954,6,289,0.48455094710535
1.19069029765479,1.49759840380885,0.42432277825551,6,274,0.491610492387585
1.13527436726843,1.47642861258461,0.440964163858477,7,411,0.519996847653792
1.16112022064145,1.49676797458389,0.404764642920257,7,279,0.473709122975467
1.1728121691447,1.60059461338706,0.515801466396381,7,361,0.50779403260283
1.35108321095708,1.49322276890833,0.262010508882004,5,356,0.513513995066145
1.36833330652888,1.50223258878504,0.315710980766989,6,253,0.500692065186382
1.32169648675886,1.50045478037493,0.195711193092034,5,292,0.493852465729439
1.37059072445833,1.56687918433928,0.333311886052701,6,351,0.517281006218595
1.25330976826775,1.49042742823836,0.153933465579627,3,130,0.481793135517534
1.24318073052254,1.48408327002816,0.155368828902976,3,107,0.488072730739982
1.25788236934559,1.54100875031825,0.100328105668856,3,129,0.491429672989342
1.1896072630432,1.57769357670185,0.356656608488776,2,128,0.526108153218306
1.23825571613372,1.77600960424163,0.349878919873289,3,125,0.500915637824713
1.37280757704765,1.44407053540513,0.554831489981273,4,274,0.520615570980909
1.27359621012771,1.50804628670919,0.441432823545166,5,285,0.479403764887387
1.19870058670135,1.51859924519651,0.436166155581993,6,291,0.487464719642714
1.30676754278765,1.52906233594245,0.336927737320923,5,288,0.48508614146358
1.27245234811899,1.48516429164484,0.169388006336524,3,201,0.510513257843288
1.2490791576334,1.60197824049534,0.369533858020545,6,142,0.512069599110976
1.29081750043946,1.5324173581932,0.46522612503785,6,292,0.490186085393775
1.24287285935065,1.52677230013027,0.373380332818615,6,268,0.48558432201134
1.16879927404233,1.48122300202015,0.43117477271957,6,290,0.485288908171398
1.30993583928595,1.47870707668978,0.294517195024058,5,290,0.489192108891844
1.25614510270773,1.48100449016493,0.367404586379079,3,216,0.525726043888344
1.25466170148845,1.61747100959105,0.428092129684008,3,197,0.511155188975786
1.30828276820931,1.47512218332805,0.439266054308107,5,302,0.497358151642715
1.23058497016312,1.4620898354167,0.329036758826523,4,295,0.497239363292548
1.3546469035775,1.49191998824203,0.371372785582403,5,291,0.494197720044721
1.26143827930853,1.4790645534734,0.334884302758778,3,232,0.519393996319467
1.23852620148156,1.61206329462829,0.379860146469758,5,248,0.505168343066919
1.29594627668303,1.48781789377227,0.44437100845128,6,297,0.491845394327484
1.18521980653761,1.43730667884587,0.190893565445773,5,168,0.519504292155519
1.27160245762096,1.48472516028008,0.14697329233288,4,218,0.524387090487152
1.28360955931091,1.53402149887389,0.334308848561685,3,196,0.512382492291668
1.32044759909176,1.48122059182304,0.367228136413085,5,299,0.495194749857137
1.26786150536137,1.4742888888079,0.185249008499083,3,183,0.499586936980785
1.23757441349583,1.55337757189578,0.275625634982474,3,124,0.489319524328258
1.29748209844981,1.47636543298012,0.248143326458666,4,233,0.511990877792325
1.22978779085221,1.36078892199956,0.11271027901364,3,133,0.492433902256846
1.27509245844237,1.48046303020486,0.478069862933952,4,305,0.505725188407674
1.22593484433563,1.47972736479211,0.272460347597042,3,129,0.491330267664727
1.23506694420368,1.3909681280677,0.25471929394363,4,95,0.547463970964331
1.27775695623919,1.58527249997886,0.466107121107671,6,285,0.477906897437978
1.28422553031774,1.56609666016036,0.463069993310281,6,282,0.476999842387595
1.25559407767446,1.55722903370005,0.480074303483609,6,283,0.47687945912954
1.2845889945108,1.54484822925947,0.711300502701994,6,346,0.552079962442048
1.31562228947037,1.51426307995986,0.486168826940321,7,421,0.522289081685542
1.26440420837131,1.60438811109015,0.461095539620252,6,265,0.483024677717356
1.33787193924657,1.73354231596183,0.581726289849601,8,426,0.52446437547762
1.26215794858536,1.47120194497628,0.436740506884747,5,283,0.480241816083038
1.24141211714714,1.46534153692148,0.517584670585352,5,286,0.486037056251763
1.26523091861174,1.47025808111415,0.399135397897559,6,344,0.507226458142138
1.26942535772187,1.37345642160025,0.45565296188934,5,349,0.511749721524867
1.21327701653147,1.47255386541977,0.42115780474856,5,262,0.486208564611714
1.3044316166742,1.48433489971352,0.594583356631934,7,439,0.542699063158005
1.16291235288524,1.4960038536039,0.499967462464954,6,289,0.48455094710535
1.19069029765479,1.49759840380885,0.42432277825551,6,274,0.491610492387585
1.13527436726843,1.47642861258461,0.440964163858477,7,411,0.519996847653792
1.16112022064145,1.49676797458389,0.404764642920257,7,279,0.473709122975467
1.1728121691447,1.60059461338706,0.515801466396381,7,361,0.50779403260283
1.35108321095708,1.49322276890833,0.262010508882004,5,356,0.513513995066145
1.36833330652888,1.50223258878504,0.315710980766989,6,253,0.500692065186382
1.32169648675886,1.50045478037493,0.195711193092034,5,292,0.493852465729439
1.37059072445833,1.56687918433928,0.333311886052701,6,351,0.517281006218595
1.25330976826775,1.49042742823836,0.153933465579627,3,130,0.481793135517534
1.24318073052254,1.48408327002816,0.155368828902976,3,107,0.488072730739982
1.25788236934559,1.54100875031825,0.100328105668856,3,129,0.491429672989342
1.1896072630432,1.57769357670185,0.356656608488776,2,128,0.526108153218306
1.23825571613372,1.77600960424163,0.349878919873289,3,125,0.500915637824713
1.37280757704765,1.44407053540513,0.554831489981273,4,274,0.520615570980909
1.27359621012771,1.50804628670919,0.441432823545166,5,285,0.479403764887387
1.19870058670135,1.51859924519651,0.436166155581993,6,291,0.487464719642714
1.30676754278765,1.52906233594245,0.336927737320923,5,288,0.48508614146358
1.27245234811899,1.48516429164484,0.169388006336524,3,201,0.510513257843288
1.2490791576334,1.60197824049534,0.369533858020545,6,142,0.512069599110976
1.29081750043946,1.5324173581932,0.46522612503785,6,292,0.490186085393775
1.24287285935065,1.52677230013027,0.373380332818615,6,268,0.48558432201134
1.16879927404233,1.48122300202015,0.43117477271957,6,290,0.485288908171398
1.30993583928595,1.47870707668978,0.294517195024058,5,290,0.489192108891844
1.25614510270773,1.48100449016493,0.367404586379079,3,216,0.525726043888344
1.25466170148845,1.61747100959105,0.428092129684008,3,197,0.511155188975786
1.30828276820931,1.47512218332805,0.439266054308107,5,302,0.497358151642715
1.23058497016312,1.4620898354167,0.329036758826523,4,295,0.497239363292548
1.3546469035775,1.49191998824203,0.371372785582403,5,291,0.494197720044721
1.26143827930853,1.4790645534734,0.334884302758778,3,232,0.519393996319467
1.23852620148156,1.61206329462829,0.379860146469758,5,248,0.505168343066919
1.29594627668303,1.48781789377227,0.44437100845128,6,297,0.491845394327484
1.18521980653761,1.43730667884587,0.190893565445773,5,168,0.519504292155519
1.27160245762096,1.48472516028008,0.14697329233288,4,218,0.524387090487152
1.28360955931091,1.53402149887389,0.334308848561685,3,196,0.512382492291668
1.32044759909176,1.48122059182304,0.367228136413085,5,299,0.495194749857137
1.26786150536137,1.4742888888079,0.185249008499083,3,183,0.499586936980785
1.23757441349583,1.55337757189578,0.275625634982474,3,124,0.489319524328258
1.29748209844981,1.47636543298012,0.248143326458666,4,233,0.511990877792325
1.22978779085221,1.36078892199956,0.11271027901364,3,133,0.492433902256846
1.27509245844237,1.48046303020486,0.478069862933952,4,305,0.505725188407674
1.22593484433563,1.47972736479211,0.272460347597042,3,129,0.491330267664727
1.23506694420368,1.3909681280677,0.25471929394363,4,95,0.547463970964331
1.27775695623919,1.58527249997886,0.466107121107671,6,285,0.477906897437978
1.28422553031774,1.56609666016036,0.463069993310281,6,282,0.476999842387595
1.25559407767446,1.55722903370005,0.480074303483609,6,283,0.47687945912954
1.2845889945108,1.54484822925947,0.711300502701994,6,346,0.552079962442048
1.31562228947037,1.51426307995986,0.486168826940321,7,421,0.522289081685542
1.26440420837131,1.60438811109015,0.461095539620252,6,265,0.483024677717356
1.33787193924657,1.73354231596183,0.581726289849601,8,426,0.52446437547762
1.26215794858536,1.47120194497628,0.436740506884747,5,283,0.480241816083038
1.24141211714714,1.46534153692148,0.517584670585352,5,286,0.486037056251763
1.26523091861174,1.47025808111415,0.399135397897559,6,344,0.507226458142138
1.26942535772187,1.37345642160025,0.45565296188934,5,349,0.511749721524867
1.21327701653147,1.47255386541977,0.42115780474856,5,262,0.486208564611714
1.3044316166742,1.48433489971352,0.594583356631934,7,439,0.542699063158005
1.16291235288524,1.4960038536039,0.499967462464954,6,289,0.48455094710535
1.19069029765479,1.49759840380885,0.42432277825551,6,274,0.491610492387585
1.13527436726843,1.47642861258461,0.440964163858477,7,411,0.519996847653792
1.16112022064145,1.49676797458389,0.404764642920257,7,279,0.473709122975467
1.1728121691447,1.60059461338706,0.515801466396381,7,361,0.50779403260283
1.35108321095708,1.49322276890833,0.262010508882004,5,356,0.513513995066145
1.36833330652888,1.50223258878504,0.315710980766989,6,253,0.500692065186382
1.32169648675886,1.50045478037493,0.195711193092034,5,292,0.493852465729439
1.37059072445833,1.56687918433928,0.333311886052701,6,351,0.517281006218595
1.25330976826775,1.49042742823836,0.153933465579627,3,130,0.481793135517534
1.24318073052254,1.48408327002816,0.155368828902976,3,107,0.488072730739982
1.25788236934559,1.54100875031825,0.100328105668856,3,129,0.491429672989342
1.1896072630432,1.57769357670185,0.356656608488776,2,128,0.526108153218306
1.23825571613372,1.77600960424163,0.349878919873289,3,125,0.500915637824713
1.37280757704765,1.44407053540513,0.554831489981273,4,274,0.520615570980909
1.27359621012771,1.50804628670919,0.441432823545166,5,285,0.479403764887387
1.19870058670135,1.51859924519651,0.436166155581993,6,291,0.487464719642714
1.30676754278765,1.52906233594245,0.336927737320923,5,288,0.48508614146358
1.27245234811899,1.48516429164484,0.169388006336524,3,201,0.510513257843288
1.2490791576334,1.60197824049534,0.369533858020545,6,142,0.512069599110976
1.29081750043946,1.5324173581932,0.46522612503785,6,292,0.490186085393775
1.24287285935065,1.52677230013027,0.373380332818615,6,268,0.48558432201134
1.16879927404233,1.48122300202015,0.43117477271957,6,290,0.485288908171398
1.30993583928595,1.47870707668978,0.294517195024058,5,290,0.489192108891844
1.25614510270773,1.48100449016493,0.367404586379079,3,216,0.525726043888344
1.25466170148845,1.61747100959105,0.428092129684008,3,197,0.511155188975786
1.30828276820931,1.47512218332805,0.439266054308107,5,302,0.497358151642715
1.23058497016312,1.4620898354167,0.329036758826523,4,295,0.497239363292548
1.3546469035775,1.49191998824203,0.371372785582403,5,291,0.494197720044721
1.26143827930853,1.4790645534734,0.334884302758778,3,232,0.519393996319467
1.23852620148156,1.61206329462829,0.379860146469758,5,248,0.505168343066919
1.29594627668303,1.48781789377227,0.44437100845128,6,297,0.491845394327484
1.18521980653761,1.43730667884587,0.190893565445773,5,168,0.519504292155519
1.27160245762096,1.48472516028008,0.14697329233288,4,218,0.524387090487152
1.28360955931091,1.53402149887389,0.334308848561685,3,196,0.512382492291668
1.32044759909176,1.48122059182304,0.367228136413085,5,299,0.495194749857137
1.26786150536137,1.4742888888079,0.185249008499083,3,183,0.499586936980785
1.23757441349583,1.55337757189578,0.275625634982474,3,124,0.489319524328258
1.29748209844981,1.47636543298012,0.248143326458666,4,233,0.511990877792325
1.22978779085221,1.36078892199956,0.11271027901364,3,133,0.492433902256846
1.27509245844237,1.48046303020486,0.478069862933952,4,305,0.505725188407674
1.22593484433563,1.47972736479211,0.272460347597042,3,129,0.491330267664727
1.23506694420368,1.3909681280677,0.25471929394363,4,95,0.547463970964331
