full.per.filter.full,full.per.filter.miRNA,full.per.filter.mRNA,full.per.filter.100,full.per.filter.200,full.per.filter.300,full.per.filter.400,full.per.filter.500,full.per.filter.600,full.per.filter.700,full.per.filter.800,full.per.filter.900,full.per.filter.1000,full.per.filter.1100,full.per.filter.1200,full.per.filter.1300,full.per.filter.1400,full.per.filter.1500,full.per.filter.2000,full.per.filter.3000,full.per.filter.4000,full.per.filter.5000,full.per.filter.6000,full.per.filter.7000,full.per.filter.8000,full.per.filter.9000,full.per.filter.10000,full.per.filter.11000,full.per.filter.12000,full.per.filter.13000,full.per.filter.14000,full.per.filter.15000,full.per.filter.optimized
0.924430517808762,0.604418291558111,1.01834925094549,0.574170065960561,0.453315806245899,0.535567316460162,0.655944132798824,0.729073085226878,0.669813656044208,0.71095282536396,0.542844205602769,0.647982881240768,0.644459466325878,0.54211511302446,0.536255219139326,0.568953628280792,0.607334126059096,0.547164633367402,0.66195434486696,0.675391649729827,0.676953878887541,0.677339266818368,0.683010076174146,0.697542865585519,0.704368444788157,0.715609139741909,0.725103582898756,0.726495587481314,0.828954747706361,0.831222063401883,0.854103874816127,0.871596547530844,0.332620280780821
0.967040838143707,0.747292115827625,1.04467851417011,0.542463920463215,0.609087274069865,0.698238483840426,0.614020963845663,0.806536140275902,0.647078812360497,0.805160397436845,0.657205726098561,0.740669162730665,0.760914936712727,0.661775532991758,0.687743421202414,0.686339862284035,0.713474295859799,0.586183674571373,0.503815997308501,0.50203290569616,0.5128607779686,0.53974630209454,0.549108610782954,0.5883926169757,0.621349499285076,0.642980450881622,0.67278864334238,0.701990818627787,0.751674854038063,0.761789827042089,0.766764864687783,0.763996755359994,0.552396775181002
0.851836772890532,0.805908174610453,0.834688633509272,0.558386411391671,0.722747353926397,0.545646168609537,0.680265413762288,0.694669258603577,0.532324536490928,0.682359990605149,0.788814650716546,0.661847353158215,0.658316573694873,0.798613488831799,0.806154507454225,0.828071300249781,0.845629038216396,0.683607277572984,0.604040938905921,0.607227101766446,0.620657161828726,0.621886624263428,0.622652325113054,0.639895203946203,0.637483404655555,0.641538433856752,0.638446443678188,0.622197832832378,0.799008196630682,0.819277146010814,0.843055714618106,0.853704846024363,0.526448413671047
0.871121769070828,0.579522851369702,0.902748315731609,0.643202721136453,0.517755565587682,0.655142301100544,0.503684753704962,0.597427679692659,0.5454080120604,0.64619314097399,0.569879865913551,0.457563561705675,0.463750159442391,0.587879596898231,0.60994403741157,0.810524154111017,0.629277424519106,0.73103889548628,0.423747218373905,0.447991599048155,0.468461508023819,0.465726844674275,0.478487317804511,0.507206511391817,0.530822656089891,0.561598665009207,0.587155723037516,0.620734041463441,0.93214018731903,0.951691011038756,0.968073852527374,0.985603105759209,0.580891871925178
1.00937340005897,0.425460854638764,0.774414323027502,0.693306491749428,0.576508484425928,0.556708364200028,0.497882427888162,0.349113293762661,0.64269879551482,0.339196695235859,0.694353300270218,0.525477084660911,0.528737202345664,0.749325229588028,0.782177118897108,0.620385298702494,0.803298849783616,0.651118031025343,0.576777186093816,0.756643006040334,0.791940929835831,0.804751159732483,0.825747630833641,0.85299505376271,0.877494122649705,0.902044880193247,0.925811890365848,0.95280755174844,0.781954564890549,0.802440830952553,0.824290884699525,0.837439470444241,0.423579294673606
0.909333695988182,0.620705486417428,0.851113715847026,0.465785435572879,0.492352146957724,0.645255363665996,0.673012068828106,0.587061469623718,0.667028552051838,0.618111276995136,0.526004321868207,0.725811811044079,0.750272212589838,0.524891446076959,0.520660273475205,0.479043449998796,0.555773174135952,0.633796040074158,0.710748955578849,0.732560676121298,0.753595973394491,0.7596417354997,0.756403287466519,0.778318249509845,0.78048870474708,0.791333968935104,0.792051022364902,0.807828858193742,0.934617436947977,0.9669299725947,0.990991218533469,1.00095765120759,0.704734770845542
0.750350037564231,0.859123975441325,1.02684358253857,0.614003681827417,0.565290709855013,0.540298782922646,0.618290245194368,0.60092313420986,0.374832521486977,0.585974858522254,0.445478101784378,0.700299227580322,0.685234759349479,0.461077790507833,0.456864798791133,0.54107686163219,0.48742124118952,0.481231838608293,0.689599276670068,0.682844901254971,0.677210987303527,0.693711129275084,0.711479220191591,0.730519039845117,0.732252150411271,0.733732306268708,0.741965712101444,0.746088386519849,0.721541492479829,0.74137868013775,0.758587188628425,0.776477065653064,0.557115934268455
1.19036679140117,0.492430941261705,0.786597636441375,0.495593286980979,0.489905687589593,0.672696028975108,0.387729205679184,0.503967588769635,0.512414316372261,0.512661754638928,0.692423667264485,0.541005773649366,0.566423426736119,0.706366098107196,0.706304678923498,0.535136785863932,0.730286134346808,0.956156127575056,0.639076868002043,0.613720151869428,0.623447515502444,0.621838406689034,0.637667811723689,0.649857704581285,0.65457608025007,0.662225238535214,0.669024756037461,0.675204824546752,1.24010289862504,1.26674355123783,1.28478215552938,1.29652759405533,0.321661308691663
0.878337177432192,0.641439959912606,1.00168283463321,0.578009755073947,0.425396731009393,0.75450395121881,0.501826214769402,0.549014192607132,0.476554972563486,0.598123795659876,0.511440528268662,0.693345511285239,0.685007691131911,0.519695250108633,0.528060329577129,0.709950791213505,0.561734039267673,0.709383363724522,0.511404158303532,0.65998170636651,0.667121811398657,0.679438830648303,0.703469588827366,0.723477548439496,0.739183799929204,0.759428642756643,0.769506269760134,0.787045498212461,1.00247138952301,1.02424688490663,1.04066538271782,1.05417283388979,0.437302308847313
0.905438907071018,0.780025718384254,0.772384204324791,0.472320493123352,0.647804583664472,0.551094001664086,0.475011642417376,0.682749026824411,0.846528563713488,0.663335236194018,0.704558075143406,0.53285478809876,0.538546096960995,0.675320841811478,0.683062527085664,0.701260258252432,0.722295152945154,0.700692362242172,0.650906626955401,0.411534667643102,0.436919993198549,0.466062903574243,0.495556245986455,0.515489857891507,0.530805080214328,0.552356961985595,0.576004569158087,0.601359367610072,0.727353407217518,0.734932472876958,0.742985137676147,0.750153650564786,0.507303087893113
0.852536328119541,0.808727529764904,0.754373767580046,0.480094723409098,0.585264568658477,0.525676075218561,0.795113817446947,0.658334804311988,0.636380683418887,0.608597586409092,0.612614898212299,0.636045493115148,0.627297326421576,0.628676578362914,0.622450810955027,0.781661520697043,0.685122610482979,0.526643490848286,0.376387676460715,0.882013799576722,0.875324414498131,0.86587867360406,0.86915591462196,0.890283404856536,0.895155164517027,0.901821710000401,0.90242302294442,0.908570649801469,0.762742279680645,0.79063550988175,0.810634050534548,0.826879994439048,0.515580074370134
0.559720215521272,0.782854453741341,0.854094416876557,0.479096736365676,0.60027392538218,0.621610139602756,0.5993613340043,0.518329882941654,0.662492057413577,0.507546418335772,0.719026689034768,0.620970645878874,0.615145017665669,0.738980802170702,0.755271232789374,0.675326948709109,0.769726234289461,0.529466618198082,0.852077470195667,0.551077981015149,0.575296717685604,0.583046416066178,0.607097016590746,0.626657212865247,0.642561795732969,0.662054526869217,0.690555525591554,0.72881757067334,0.801915120759127,0.826435218670951,0.851029263887307,0.863514476143711,0.523474082907362
0.93843606898179,0.781685040617445,1.32122890603854,0.687398128472334,0.540224828079858,0.609497025834209,0.704547713345605,0.542371397002476,0.459130605621781,0.528366550194405,0.658764253499096,0.512013418318205,0.524330044216736,0.646556832152289,0.66893897321502,0.771835778595247,0.697787468336764,0.505838539557832,0.516388712943259,0.735645547608381,0.768108926304494,0.773841122360793,0.798274965066381,0.829944693947963,0.848635590840257,0.8666620560688,0.885950388225586,0.904155280145679,0.793491102721908,0.790534125457638,0.805199138594601,0.827682491460582,0.405825771029291
0.875720315050504,0.581975921283621,1.07619721324454,0.526686492189973,0.659498634450982,0.514632008823289,0.48082758738185,0.821672933839956,0.454822827666936,0.850023711581931,0.713029043283172,0.607354465619712,0.628840229535604,0.735158078064522,0.736677730868617,0.653187867557889,0.751643227330255,0.405745300627544,0.695777178452904,0.78078171585483,0.803211622992615,0.819365466274286,0.825505219363117,0.849025836084214,0.864697233958773,0.892524789562676,0.919559880265895,0.94541766766555,0.665427034426838,0.699989076396152,0.735077387804477,0.767290376687309,0.486253234253133
0.916502222205082,0.910359697289969,0.784293775371575,0.681056719137594,0.345389084932984,0.561108920795404,0.484693940834568,0.551197332353467,0.485744195240502,0.526601328236352,0.703898402217052,0.322170261936573,0.339232159970889,0.717023969403196,0.705310298095184,0.644164464414307,0.738159688966981,0.522657098067727,0.736862744911864,0.684288857727218,0.683277063976575,0.669992002945631,0.673209733038627,0.697194963535622,0.699967587119388,0.706514588009963,0.726346845184685,0.734983833050138,0.659537906208266,0.655170154023832,0.645741336151388,0.63914490817274,0.624810623149537
0.97198951197104,0.844905275601185,0.657916036935754,0.540540377319899,0.745232959557531,0.568169647859562,0.430326148916763,0.616324600235255,0.335283789423834,0.633173683852589,0.638439346428297,0.660245054936472,0.656811641695897,0.602665453486223,0.619752661260569,0.684206029982307,0.667077038035559,0.751957295185082,0.673790389069176,0.804292373523927,0.834230843062413,0.852226410224246,0.87368288570849,0.89073382976946,0.907402187993015,0.922157831524614,0.935097187178877,0.950481968133241,0.981032882574945,1.00300353397585,1.0237036006855,1.04017636129589,0.504733258002708
1.01819872046481,0.677365651306972,0.868509088040214,0.690958608757422,0.637257600470141,0.516621208927015,0.338641007578354,0.433419734425373,0.507650097895312,0.420963211883742,0.648703751145316,0.673264600691723,0.67688503885504,0.656966984721622,0.671338407212954,0.67415152401564,0.699849786569201,0.682172254119283,0.76488771290517,0.915199224453845,0.926357269926732,0.937164427974999,0.952106580849824,0.96392243502573,0.983427246899243,0.997161144470175,1.00467476987393,1.02256426255279,0.943641530250347,0.969379983678818,0.99041298318809,1.00594777423036,0.552919760907639
1.08550571511833,0.555497335901397,0.857549039481297,0.568302211330588,0.596517393640738,0.62594354540189,0.475975230508559,0.567508327761335,0.643694024112854,0.618176619333569,0.615002515732444,0.703808293400653,0.719523811825788,0.603034274714538,0.594917661091547,0.714478374361906,0.665355231530716,0.468141544871691,0.8774811766204,0.666913201991618,0.680675214382955,0.677417663754307,0.663195495091262,0.682546626161901,0.675625751342402,0.683574502748576,0.697442552756104,0.703055923014662,0.648948977631575,0.68013254838535,0.705008456850854,0.733103126999985,0.45980103928555
1.178766107459,0.811229908364655,0.936538167883135,0.6190959435734,0.650067783577823,0.467538143683711,0.614211145594805,0.496228559563982,0.543797268668409,0.492320712072013,0.419245837226374,0.693938383051067,0.698264799847089,0.432671923796663,0.44697999775092,0.555767155055083,0.492497765577327,0.632034549463354,0.651429352149417,0.49937431435263,0.50182783348503,0.517979582326364,0.549718636946139,0.575472811966014,0.588200036948716,0.592124145852385,0.604706708405819,0.617441520583729,0.884195944731904,0.903183032784562,0.921089293402379,0.93113581869667,0.518330369914134
0.971101585489865,0.547543576097815,0.811143689807643,0.56395129143581,0.648871717917303,0.529800467375928,0.509003714259052,0.749625574836768,0.63895976502011,0.740955696911812,0.526642343131104,0.686839521057789,0.665378564209269,0.512484096606847,0.522482621312459,0.696968168685652,0.580189719080271,0.668705983052919,0.445436202868531,0.866038106094154,0.894777761642532,0.896222460729265,0.913031353614038,0.93451262402238,0.957084274358375,0.975765751621613,0.992164483741838,1.02103140040786,0.924378639599406,0.945445565409283,0.969080781439544,0.990139384265468,0.329147595259405
0.540094229931704,1.25314988541528,1.05778541563905,0.537801849909223,0.526751379271234,0.488762334890632,0.58465381968889,0.632427841049131,0.534449669983975,0.615407461675626,0.665027331369586,0.400348779259204,0.428944002233419,0.658432525807485,0.67165646717969,0.312206573393419,0.705074204031963,0.509912132592148,0.822171868360441,0.789539862195394,0.806334152879996,0.809292725700494,0.82587282155796,0.839755759915792,0.854515376720102,0.864384427240973,0.869289090038122,0.877911915658207,0.568585186576713,0.569975700624644,0.575023695017755,0.58578633826881,0.622652569520132
0.475993972633844,0.668222773872673,1.04429035376886,0.668972347308079,0.712810572289883,0.709053189674347,0.547828594718443,0.427055043030184,0.70524047714788,0.437695366941431,0.331348669577561,0.815837915838332,0.810388039006624,0.340288371839397,0.318583137368605,0.515835537069242,0.366040535697644,0.627900375715096,0.752033811853135,0.76486180600721,0.789517406591319,0.79364019174933,0.806874259755101,0.821197745206998,0.839506887149285,0.842080973507712,0.849861728535488,0.862551870201566,0.763188153757782,0.769717761730285,0.777959721120644,0.786022386903594,0.507908839460662
0.954493444446736,0.608458021623474,0.916419994002316,0.715623460666234,0.655439326585844,0.486791685991691,0.745364215638798,0.41406007566979,0.455211834219949,0.373249527597609,0.494676962009466,0.362264456951735,0.358040235862389,0.505544151813065,0.514269318911633,0.618753214671347,0.533993668818071,0.759679648644416,0.734418100131774,0.546815261930676,0.553051738682609,0.567839875095084,0.59172012408522,0.611994776943761,0.633015652333423,0.650578662626634,0.668314266468663,0.684671509321906,0.944206945070188,0.951260206492259,0.962633844114667,0.970258853416911,0.447213708107422
0.824322461123635,0.8787553818706,0.943321367239648,0.590348701359084,0.361159469897565,0.574544904611579,0.476318152240826,0.39144582942267,0.524291721494753,0.367865171126759,0.629060787205796,0.3757089110543,0.390171530720878,0.612142948252332,0.608748338646157,0.6974721060402,0.64124451425575,0.592263668603687,0.535042486428247,0.793943276052386,0.789936446890629,0.801281911045619,0.816543775694969,0.82508597851879,0.83020016861294,0.842565102693591,0.84710491124185,0.849175843677029,0.709780237855461,0.721758797743254,0.730349905129576,0.736800698352616,0.426776015151851
0.867165444313317,0.530983421775982,0.75166616787586,0.533509171776243,0.756546689355249,0.718052013704317,0.511695492371775,0.664848859395453,0.744414038675315,0.657990670754251,0.6573333210963,0.669483431216352,0.698000142399439,0.654964432556102,0.68662374313311,0.588270230802775,0.707403965775147,0.594673425831702,0.80747946857995,0.881385632105102,0.901076091381456,0.914708526324714,0.954112017243517,0.997101147367989,1.02100418316914,1.02803943589633,1.04412860907219,1.06270912522088,0.795838658917105,0.817131493994816,0.836247502996661,0.855551378743802,0.578046403391741
0.916162110545627,0.852507855081954,0.59179687414304,0.593119407255361,0.56051217116426,0.646755265758943,0.709123885839966,0.457771858764994,0.521950686674924,0.418233938154029,0.548548535484371,0.307357175092608,0.333172391549945,0.562488665924823,0.563987166092273,0.541085646109813,0.606620528888224,0.452636912899471,0.872316375439152,0.719887319829759,0.706598846705296,0.713168204933243,0.72737598794187,0.733831192296613,0.741055695758309,0.740854836449983,0.748175444445753,0.752567459253007,0.632837141155618,0.637997283220687,0.643149269199641,0.655032737081929,0.448288764180386
0.582111797980353,0.708777149120956,0.788373774356897,0.807187786249157,0.543616178158203,0.739918313083381,0.559293435088333,0.449651300149116,0.563294916799912,0.438748898212458,0.527990655942763,0.507619603820847,0.496504450334434,0.534357511759104,0.537662180356579,0.447379551304526,0.557904079320518,0.543429080467024,0.739115950186142,0.780467159140782,0.822141288179331,0.827641896527766,0.873493773207511,0.907491802466214,0.928566417207026,0.946318882989941,0.960958561413758,0.97435974199415,0.719389277735003,0.731536751806119,0.726169206532019,0.700484279244216,0.589289229866531
1.05223815718842,0.560298401837998,0.99272910428442,0.556511642490282,0.578781133521928,0.735753412956281,0.560181057821763,0.585142546933769,0.401517066869987,0.621005203844028,0.377960541360704,0.622932428421489,0.632450860818336,0.405941990554894,0.417821275475201,0.439497338150316,0.462639397413585,0.782209023541463,0.724646303874041,0.717789823704814,0.717863737875659,0.730600594580128,0.756809658252066,0.776845882039376,0.799587144602804,0.819836690461283,0.831311039180077,0.851256647847939,0.90626911585027,0.910747534258165,0.921172944052314,0.922704632752781,0.309332643975933
0.851179813731837,0.520295942164828,0.765869842850315,0.366908572391807,0.73964053969077,0.497865762565236,0.450126694509691,0.439251885168278,0.49791126968121,0.437843434266527,0.344024802028149,0.399188324656291,0.412430182399681,0.379069051660784,0.393771364003912,0.701399368763293,0.444333591878056,0.741595960964248,0.678030754394355,0.830070569981193,0.838678371374603,0.870438128898561,0.904960169935213,0.93625536214538,0.943722359354667,0.950836035867434,0.95277626841447,0.95181011248731,0.884513792965605,0.89782057225225,0.914000964668301,0.926944751421598,0.468933858756327
0.748702043248326,0.778935827250725,0.840254482920094,0.552685463715331,0.723570360786098,0.41092921740937,0.526760427340847,0.524482732146793,0.746054247450489,0.512733413939739,0.585470696712766,0.637754437337404,0.645839405608942,0.631552747930351,0.663635735699125,0.629021824083531,0.721419148785932,0.762049932691828,0.823363542301077,0.647003854482483,0.651224006222878,0.656728832116577,0.67038493077558,0.694223942367852,0.712848018094597,0.728286124415399,0.740871521660976,0.759341605400109,0.748161367118385,0.743945489792651,0.739750654257125,0.731999145903971,0.442777736998637
0.787605065947941,0.546213267554323,0.665039807788915,0.305592149682406,0.652029265784534,0.718998715394472,0.749380450221992,0.446398183688601,0.694936112544232,0.435761578294973,0.615470619017569,0.73568063696019,0.732394799443325,0.604820763339773,0.615927634345007,0.762855359394547,0.662569440991302,0.636564638176073,0.651091025218693,0.68771577720633,0.673790837785135,0.675891571760901,0.681186624605188,0.686592381223498,0.684638985797377,0.680101990086898,0.679338323125804,0.679770370463773,1.14607877655006,1.16933313319095,1.19197768724479,1.21233913866773,0.530116123007476
0.528268316996895,0.705629031149671,0.706392230093782,0.446431832342202,0.595183800565397,0.743466701569205,0.687044753781665,0.590855885835099,0.668951456517225,0.596012252877915,0.505313697783876,0.602731229271883,0.630797514571872,0.509981696318754,0.540608714270927,0.326645997305943,0.551955624015387,0.621181219323305,0.67425765099059,0.731880108665685,0.740916782453346,0.757518879448796,0.778989520146676,0.813488005842938,0.83508178203977,0.85228482200213,0.87103840527153,0.884110684448243,0.756051393144956,0.769396643806539,0.776289871411274,0.787527449366508,0.620359077703918
0.841346753453351,0.683438161345911,0.613007958449605,0.554438655849262,0.543638511625929,0.691234357616938,0.626238777684712,0.602889834023223,0.576828129461787,0.607311050786115,0.293840004394492,0.578964304808507,0.608768469463866,0.296485237187368,0.313101909976394,0.506219472853204,0.332540208038774,0.602950927461259,0.716149102493886,0.583571162269097,0.604953817333882,0.61395964268854,0.656545208189033,0.697859135711962,0.739024452069035,0.775896630103177,0.845652132114282,0.902267765775149,0.815465973586812,0.838949021984058,0.853573302760586,0.874974599017722,0.327981190322572
0.658853709521006,0.710807981716191,0.884729160062168,0.54901929955918,0.635781036250504,0.599736211739356,0.534961779314307,0.460105488037039,0.553733166865569,0.432592183856016,0.490547854671397,0.635613993431567,0.650861658967339,0.517988671285261,0.520382463790886,0.688966651762961,0.516961141065203,0.850790641729477,0.552153868274825,0.49597159672431,0.503945869705186,0.503273512875614,0.515674182078354,0.538113119143272,0.550166016965688,0.564717849054323,0.575577536374272,0.590982019335057,1.01245911757586,1.03353521331493,1.05708485962908,1.06941093599905,0.453313521379163
0.973400837726279,1.33596806610304,0.739490891413231,0.565234131175158,0.632004208909705,0.726157534110774,0.565200797700656,0.638164978239032,0.562509719229044,0.672800425267134,0.630606414288955,0.647101110363809,0.647520523554716,0.657686423493877,0.697002406029332,0.709282526149049,0.692009011318242,0.619302034487085,0.508730348357682,0.824654739400716,0.843475670514175,0.854143841903194,0.868633384640301,0.89655519175616,0.905239908019039,0.921532489344949,0.939964926071279,0.953051662852508,0.739824655298771,0.737243797000425,0.738089138206212,0.736182628598193,0.329218468009796
1.01089643565005,0.667284880026235,1.24908755927712,0.652291152640716,0.346886160016687,0.683429010021029,0.484866340939447,0.534063651779724,0.791424115178115,0.557812624186984,0.696877768738067,0.607169645014768,0.615672624191365,0.704347939445518,0.694992495685196,0.666470637235204,0.747095704920283,0.413342812743178,0.771261428207963,0.802989686396374,0.799828476651166,0.78868262071906,0.781960664714423,0.795968744877124,0.797761015298441,0.797758032770061,0.800856057412413,0.810182087767609,0.653958489451872,0.67209555073934,0.693402978775504,0.7106352097503,0.506524095803594
0.949824620915918,0.880179048617911,0.816312085437042,0.559159582559224,0.542749833617441,0.673602052104989,0.746406562308661,0.622195327721517,0.610102308474743,0.639541141341793,0.632790333827842,0.652652248446782,0.664534822890653,0.678532665729585,0.656840667495447,0.659379673161801,0.699299313849531,0.832958321623455,0.745758884282319,0.543359806599672,0.561826126721563,0.566886843757424,0.591889043666279,0.606153163530296,0.622943638979776,0.640924218095304,0.650548496886399,0.66120565919732,1.08702660101109,1.09611340372032,1.10658263153929,1.11469981831433,0.559680134985177
0.998357763659224,0.8815090474905,0.901605520586576,0.367654565227426,0.491200493402391,0.633442247554025,0.622865228627332,0.557361871277904,0.307085771652682,0.606145482135664,0.689630557862144,0.468969930176768,0.478957478409387,0.650754433558637,0.64760383591314,0.463366680648389,0.698152725051132,0.695518082641325,0.540555359746477,0.412575890436991,0.397060343064341,0.406697057742983,0.408689210514955,0.410741673950709,0.417086825466737,0.431549261241584,0.44094453080306,0.453925474418667,0.87334045202603,0.882000876625386,0.892299091655136,0.905770159772094,0.408632167066419
0.914193949755777,0.557665840878293,1.01719900967476,0.658839261022682,0.55468620833034,0.463219297992109,0.325942960413463,0.717798089808651,0.805075372962738,0.682629078405275,0.394699160725221,0.868688331860257,0.885357750240436,0.421939203072781,0.43717193594938,0.825490696466037,0.478521810558355,0.654989476597871,0.425502371703285,0.888528845156238,0.919330174995271,0.921142535848006,0.93381463105307,0.963756048177988,0.982830196172044,1.00302191504867,1.02612422602062,1.05718867555218,0.872792241016985,0.891920717293407,0.907265776589896,0.9151832101102,0.540464684084469
0.908674363403025,1.03496650009789,0.680159370950765,0.695667919388862,0.649806810634359,0.311965973232866,0.797150825046699,0.726049875674854,0.676666143319939,0.762933298903562,0.819592141635699,0.674471427757518,0.68509995128688,0.801915392567799,0.818771522190796,0.380662180098412,0.846526536791908,0.535550763629124,0.833202507445552,0.748319122856029,0.761442229551152,0.753695039824972,0.750708655130361,0.766351777435809,0.778391084036911,0.785387688211949,0.785706319587163,0.791943052494973,0.651924348143246,0.662238250523867,0.670473742035831,0.681419450361408,0.405202642653985
0.874249912221649,0.50565997905633,0.734526428775198,0.366260670789434,0.715043491861154,0.556971373333812,0.645230616566125,0.515924413995541,0.529327463564957,0.548354971564721,0.32767501132032,0.644848673587889,0.644471107133362,0.355487311189021,0.358400346453403,0.617841216096048,0.362371768869351,0.765963795080189,0.723937532352988,0.819204808248184,0.834183955933267,0.852641741220624,0.887326151929712,0.902717680158939,0.914900554413277,0.916026934211331,0.923191796256107,0.922473672180431,0.838858783564311,0.845239717721193,0.853090957741757,0.862125356057956,0.58331655445627
0.804110416047192,0.428030810454014,1.14646714174151,0.483180095680935,0.546960994301363,0.645031413424631,0.48295471077814,0.711866237127973,0.463820237352459,0.748285249947946,0.597052066408184,0.602405435572357,0.607811037839422,0.605837137456496,0.612373292338167,0.716811248120829,0.634624037082455,0.803830312679034,0.790535766221001,0.672687752625122,0.660979184463534,0.672710940626497,0.684331951008184,0.709751514763285,0.716034623581418,0.722674934586662,0.737128707523461,0.753278710727384,1.0748620396064,1.09312088415858,1.10622161560251,1.1090580513713,0.285492455421744
0.693215793150924,0.458985065345604,0.93650311518566,0.570273868318782,0.394399105102052,0.420573366687157,0.465402199990817,0.574690880937832,0.693672149551054,0.536290860042142,0.6384377397991,0.625477007782936,0.629113099110092,0.673766069695113,0.692946338831895,0.360453096364138,0.72937440972273,0.857368984612404,0.641954768994612,0.728704537521437,0.749250371517715,0.745900190184513,0.781325615752639,0.820433892960846,0.85115578629256,0.871715126507408,0.900351846410149,0.926364431239871,1.09796720811536,1.12202171141229,1.14028787219761,1.15640337097343,0.525818394576491
0.743565010037542,0.587181422429764,0.916299718064009,0.645051046150183,0.717934775466074,0.431707664163799,0.692707691069385,0.549493841567965,0.746914306421697,0.502539983557846,0.329560295371357,0.331139617906698,0.305761599470027,0.308838934946055,0.314026517831834,0.54653449640931,0.37390913171788,0.691851052189242,0.679278783113894,0.41413699824563,0.453165505642666,0.487268992924547,0.520143608668003,0.572331738172525,0.637552865439991,0.6906034632111,0.752671101236929,0.804696765225354,0.981418061159134,1.00713281505335,1.03599767419391,1.04776630041421,0.527507013160274
0.866371539404514,0.312603560924681,0.68794321057047,0.762287203718482,0.458977593983743,0.623157176798056,0.730968525798729,0.452071639189572,0.755244007590385,0.426182131325779,0.687650593065396,0.637470918621216,0.613771898719701,0.659814953941789,0.675468835521722,0.658574268277614,0.695233635189202,0.68256634174951,0.371991858234998,0.493962856738131,0.496492410024581,0.52100325544525,0.554282884220267,0.576235379511204,0.595497630250244,0.596283721662131,0.611053162117392,0.631017963395103,0.908446717370558,0.942491197610198,0.952487510889121,0.951058269845075,0.459282311264993
0.732940856028079,0.631038586563343,0.839049159918932,0.600075108034391,0.691881437352454,0.490139256475938,0.737662000274039,0.498875443710569,0.727593446730847,0.472915147511292,0.6324095733448,0.625081020630456,0.62107338135812,0.632397451981744,0.661625448988674,0.457433943660238,0.694516785781901,0.809968205974367,0.444996274075011,0.838865420112196,0.853032033725733,0.861502848327935,0.880243118237999,0.892005225194656,0.908480152809057,0.920601202269986,0.928332634046925,0.938627938993102,0.948112032560377,0.954873204054558,0.96427273065843,0.966797388901087,0.496609014126125
1.08068352752806,0.665914111393611,1.14050814404814,0.777226644535817,0.665251140266043,0.414033521772172,0.704862026186004,0.648662299166863,0.604588195827419,0.647685971093725,0.39147155664405,0.556834060210483,0.581743204287738,0.401953612328791,0.432571998417333,0.657590447776186,0.471342394937865,0.570499680488932,0.814670957855457,0.784524347473336,0.820705376490776,0.841012803680063,0.86148785769292,0.883017615553765,0.900151162227469,0.915861429559794,0.927215291130995,0.951575332038074,0.706377190662657,0.727531977251592,0.741112876252284,0.753894105986308,0.51464376983749
0.97486964651689,0.726758255748501,1.16551473727926,0.616181712995208,0.56825176785137,0.635037791373443,0.577128992830829,0.700916794291587,0.703805481617875,0.675446007100759,0.623645445857726,0.568126283515213,0.572194483460522,0.64030929050138,0.641245164038415,0.767161243896153,0.678546594487792,0.378291201823281,0.754692480170277,0.698646427501475,0.717333932206746,0.754414234762459,0.786620349678032,0.823979076040674,0.841980711332642,0.86562801746707,0.877181442868052,0.898914309504817,0.729000925986139,0.771263828604829,0.808897238664897,0.84237538063528,0.40867096383421
0.645045447124349,0.705083297550355,1.05952971255303,0.458642650767018,0.490045287316806,0.653814797462909,0.672247095869177,0.661107790577093,0.485752430228091,0.690163665793096,0.73260635201093,0.607627062043739,0.6144315505678,0.744048854792208,0.738625667752065,0.688631869971184,0.777677478484275,0.686713813539026,0.630598771947945,0.541929286329336,0.554473560167388,0.552317064639907,0.546952484412951,0.567240596927625,0.579033920444219,0.585163967311186,0.592001365196265,0.59894309478409,0.886589817015442,0.903508963592889,0.925559183599878,0.938835459461979,0.659267215349612
0.79057186129726,0.727367854574079,0.973066168051562,0.474240830203478,0.3837338002459,0.63149016437492,0.478780270353588,0.573058992454246,0.314358654508284,0.569764094952191,0.598614630059449,0.534786123423736,0.541973970046788,0.630726013213098,0.659769130791623,0.622590679701212,0.687592631426415,0.555025051247309,0.543251182234457,0.830091458960479,0.836381724599959,0.83124714915306,0.825083685862778,0.845178867075375,0.844932474510595,0.849297920532781,0.846894284612281,0.84835729269507,0.861377666004765,0.89665771979344,0.925876431815129,0.955303624741897,0.545070756268513
0.9315858131412,0.464009692689823,0.985364215377517,0.589923789882564,0.73332148148603,0.488375970183456,0.362633823855266,0.594470885422305,0.581089158226147,0.550767755922472,0.575130766219459,0.685340867644536,0.650270259906691,0.600477678845972,0.606786220605386,0.64669134830062,0.636143766266403,0.522898869810764,0.805353829472435,0.342447019480311,0.376630978468558,0.376655510110439,0.388701524554515,0.416090892287853,0.440004053522797,0.469093464813424,0.496006311638312,0.523808511507066,0.701085162433838,0.697658901584126,0.686823383772555,0.704822624887708,0.51869294206131
0.80998015823591,0.80221847486071,0.731983283569005,0.547109174378042,0.622724970224017,0.410167920653991,0.555275452438126,0.553939346092498,0.43051543657307,0.551806570459172,0.625217416288587,0.469985115018913,0.444698382850762,0.632273764574028,0.632272627415968,0.661740133919055,0.656895047977163,0.756673040485107,0.347920229937035,0.582238227417698,0.578684223504429,0.579653960161029,0.590421895183916,0.609946355429213,0.628756355441768,0.642817952454467,0.670230414596165,0.705651726928749,0.952642241855858,0.969987570728187,0.982223794378295,0.987511661892612,0.39791103981242
0.809281686220981,0.776474833946211,0.858906612735998,0.615398051816349,0.600238707279668,0.638466509902519,0.426813432379005,0.482340902449049,0.481695130061593,0.471540913267465,0.681271775727822,0.517012145777393,0.533917630534457,0.629409121759139,0.64300116442979,0.651011731590298,0.672341911475613,0.673682861219481,0.577682944494068,0.645643118281407,0.665654502368004,0.666734513276294,0.687373481273564,0.721160132872434,0.758236540042329,0.79026055392329,0.823185953570064,0.849088662120814,0.808027272046502,0.823561383720058,0.833954526908687,0.840359702206614,0.500399758966903
0.787200155416631,0.532357775600891,0.965250407985752,0.491976306712804,0.451506650749644,0.552617304182063,0.473234730421759,0.622426076676463,0.69335985256236,0.595859425460939,0.566574441935151,0.796383855730469,0.791899009108389,0.627693827100502,0.619547126582681,0.682494034347878,0.637302837598466,0.466131318914585,0.618758250729146,0.832354980088522,0.853562008496957,0.875333313570595,0.905452300855593,0.927624579123672,0.956105598521629,0.975680813847131,0.992555389368755,1.01971593317051,0.614911479544826,0.637804812012354,0.660976457734668,0.681397625142512,0.332754786543973
0.970083274293517,0.775974906770528,0.965850408793476,0.481125719664524,0.677309594871407,0.489807882763578,0.659941012456617,0.306454873123778,0.60393851107491,0.305565684306312,0.65022904619052,0.622235520557363,0.640334201722797,0.654128456500877,0.652609177036552,0.503711834682045,0.689194248192375,0.477782654728611,0.768775251406279,0.648121306926654,0.662732165611744,0.67485730260079,0.695059343318266,0.718154772122009,0.731567057721943,0.750916536409385,0.767912353596361,0.78719304359382,0.511031527039765,0.521644439440335,0.533240592954448,0.546762078560542,0.594681766860734
1.01543238133378,0.956348976575487,0.694915915710553,0.636678492050751,0.369563002109141,0.517627804791442,0.635520373426194,0.778339627358462,0.415221688945744,0.815694375360242,0.442518395319839,0.497599560189133,0.492071042643973,0.46259479506891,0.475885134433093,0.926068472123123,0.514968852429477,0.593230565256858,0.606514812121928,0.678610330350224,0.706745478338735,0.724381425867533,0.751667931125702,0.771631836851005,0.786385054154641,0.802197751286411,0.807903901355638,0.825609343896858,0.768071954339604,0.765549012808449,0.780935053447971,0.801088112680501,0.450531907222318
1.04507542174328,0.900300888296148,0.994701329989895,0.431569793381169,0.510689919277633,0.673630268903009,0.385802119274226,0.637836664826988,0.433624976701523,0.626236923584885,0.871974374092038,0.512661227423583,0.507180188199507,0.888255900004027,0.901365429889561,0.696969597589698,0.956291437988947,0.658449178533366,0.635616290675619,0.740678748907011,0.753149937128403,0.761582847685532,0.778954466022014,0.787689405974089,0.796957383199567,0.797677607016832,0.805545026078053,0.822032921659177,0.811439089949753,0.826286549359415,0.84045866582068,0.846324285689884,0.328809856021116
1.1607274738122,0.642403850537909,0.874904851005408,0.794704657453281,0.548221764049946,0.283811451162692,0.449355628271207,0.48901888941082,0.554056777664126,0.507423853194337,0.695274101293416,0.595943001714734,0.609514037825789,0.73688896450832,0.762035325762432,0.653953753717345,0.793423954970834,0.715650757675684,0.737369783096451,0.75275121065012,0.719046339392401,0.70563308582298,0.689994059296652,0.683902887925871,0.654269069321878,0.631252391546129,0.611073896806764,0.586800267518675,0.866627343731765,0.876347662625132,0.885757943538632,0.89008118872406,0.687345554944462
0.736944396160637,0.568021789066188,0.694595354379746,0.414914365149912,0.599747561811771,0.501449803880989,0.526187529739864,0.413894627561451,0.56627704159062,0.466786462649983,0.652977637481724,0.616409243663569,0.622297773195582,0.64504907639695,0.636461353274812,0.622215829416617,0.66558808795856,0.632411975428374,0.808954500524883,0.844507657444554,0.850686590666199,0.850688328361382,0.858913951526081,0.875795963314253,0.887363175835042,0.894113691713053,0.900196119855012,0.911619826366934,0.796776541785797,0.790053583484678,0.800574902932459,0.819082495139307,0.438812302314602
0.924719969676998,0.747744970211788,0.473164930519415,0.433061296914149,0.493980488598427,0.603679250160875,0.479184609612468,0.549607406284018,0.622959525357084,0.582380555297347,0.614476846849358,0.420708995115343,0.397672841728395,0.616312608338752,0.610412539364536,0.52346343486119,0.637709738432834,0.690147126461205,0.788178303600062,0.67113862425031,0.687768675302558,0.696858167849017,0.712527311894572,0.746859704487927,0.77116385502966,0.807310882710156,0.851835214332279,0.901269457861241,0.805960745455034,0.776445746166351,0.7659412874942,0.776995501844967,0.416780358347297
1.11081127345738,0.750260184986482,0.734011274530015,0.638946374116551,0.500028087624865,0.588747991141161,0.620801235810843,0.708856564057209,0.559639955993263,0.740516419836129,0.482865813501659,0.428864904700295,0.415221319398536,0.491572942493494,0.508536233749816,0.502175117540624,0.523124992115043,0.716998810661465,0.652815083469429,0.798099658755335,0.771216830064235,0.770177562529721,0.773824717590215,0.791159636545595,0.799035572030441,0.800436169437195,0.80236211405318,0.818607610982377,0.823665219747122,0.83157831705186,0.842448206919425,0.842569076852126,0.457583178740973
0.524364966286592,0.594277604829722,0.870525930311109,0.489296723338633,0.528202407077423,0.44452843625333,0.585630315217277,0.748184819745936,0.649134892739324,0.769428651573772,0.426427597956306,0.668014478558945,0.660443275602218,0.46534857733367,0.441733163228999,0.643845985717866,0.489119832254529,0.409287234140297,0.781327101654815,0.583397626470216,0.608073637874859,0.629743587933456,0.653997955360171,0.66439646588222,0.680900821407053,0.706794673974459,0.743722723852746,0.797551573487926,0.612763532423682,0.636034435385795,0.6572849717759,0.672410449666112,0.456471342002734
0.877829307041089,0.4959146738507,0.909282823108149,0.711046069034578,0.910641905947118,0.565671029258093,0.683951415257033,0.454418224998868,0.582707383128304,0.504887572832585,0.648112070657898,0.742097008013259,0.742593462129407,0.623473578713789,0.645694237188231,0.70902914807264,0.666056815482026,0.803256585613232,0.543369363215911,0.379582587794418,0.405961804089464,0.412661716376676,0.439216356179081,0.450145255592843,0.455791803845574,0.461760790091272,0.488429059488039,0.527612522532638,0.961947777061259,0.973727352220057,0.988421515228214,0.998320909793123,0.503662591864233
0.660968296150255,0.86727681893199,0.809481823410906,0.578094939452916,0.60415937594104,0.482646890215167,0.488829938504201,0.587270515447438,0.32239196636351,0.601964272250941,0.722318276859158,0.387323641486286,0.381943465478264,0.71086810312407,0.697470536330683,0.608655376739201,0.743021658671062,0.732022611800562,0.335798809530338,0.930626894325423,0.963960861888657,0.99804830362332,1.0505408269024,1.06975544403323,1.09590741797361,1.10917826391933,1.12217030453717,1.13550678764214,0.994663932842892,1.01178504433034,1.024431119726,1.02793738002836,0.321496786906956
0.792870660290811,0.667273319910125,0.95970466124089,0.547348250159193,0.520460720085624,0.800286209725507,0.345141048525138,0.641140580532544,0.701891867380833,0.710598577329975,0.549226329540778,0.623826381498503,0.630880530718923,0.568368971093617,0.578755859304989,0.596548429535962,0.616058216431214,0.536403131704053,0.872408226329554,0.820647778501652,0.839584942572316,0.842882998560192,0.860995426666684,0.872104449037576,0.880042711067486,0.893771859222072,0.909053172648323,0.923768739658229,0.821508791110857,0.846789599756101,0.867810525921146,0.889965349876059,0.478645275076646
0.971032774062059,0.796235310078341,0.856165734124693,0.516889084046183,0.719474532309505,0.626185679348118,0.65420567029075,0.72792274752977,0.621623073162647,0.686139872450238,0.589109094985874,0.478746480290898,0.513259327073761,0.561699036621323,0.590470106022399,0.626747848723037,0.620604436509364,0.614749612926168,0.779295544602825,0.630247294148862,0.650084485121798,0.661042753128723,0.671991271302168,0.688160290743619,0.698113851586768,0.720974028169934,0.736539064375077,0.755201155172774,0.752961659691586,0.77181616997425,0.793138577436965,0.805662920490356,0.465800225539374
0.998784458312649,0.811977201031037,0.692987253223133,0.675326425902994,0.422556195186429,0.561557633959138,0.560324378518411,0.375521651180594,0.448201766221087,0.319285871684957,0.626896958918203,0.594053464918769,0.599464184256163,0.611577280002525,0.620033992114453,0.550532488000549,0.64637481402811,0.697583348170562,0.585612257805032,0.619405437781225,0.64758937236125,0.647839114233494,0.682262217029795,0.714172154995592,0.739012407616518,0.763407223837482,0.778552083682877,0.794464905186578,0.879009687318498,0.907668085108918,0.929392503454329,0.918726168133243,0.445508238193802
0.590992889588338,0.71685377098621,0.991322416948063,0.368501024151206,0.385729750688601,0.421601686745484,0.435017150231752,0.548859700276832,0.627876799704626,0.585700688175956,0.510097776516057,0.498432307662973,0.519837883314099,0.522711834688653,0.527976539799791,0.679825259311664,0.560479073775309,0.362071244329171,0.587440801562488,0.721693811912987,0.740292872473134,0.744180248299939,0.768493819656319,0.785133322330954,0.802578237770904,0.808806994555648,0.82216400269315,0.838763615293014,0.620617840294967,0.640742510698873,0.655082245995572,0.664587730246306,0.407814130015786
0.916254092331835,0.642263494293502,1.02072988158353,0.41011082188291,0.593561718084644,0.420213925701687,0.629634998879497,0.598053083652943,0.649110146502475,0.623570265317743,0.667145689948118,0.602520584534046,0.597902779602334,0.66524322869107,0.644756085838046,0.481806673404966,0.665217536469698,0.708946209067333,0.682936351604013,0.527237637488254,0.535544675849832,0.539560334907663,0.576453420496417,0.606568304737024,0.62739791374483,0.640126657509529,0.666349548181677,0.688253983871314,0.852263029034222,0.863306952763922,0.878086953438825,0.887198159766287,0.392716509493938
0.844904737367195,0.590993112505582,0.909855904281173,0.603190699221569,0.597945159109771,0.574855587631778,0.663779541740125,0.480375041005021,0.320726840713356,0.442133846548474,0.453703210564254,0.409499491145073,0.408066864450725,0.485645500796882,0.463985374896812,0.431004773332836,0.469898529992213,0.66039374358628,0.500445385343367,0.735452073032544,0.740329734836322,0.742658945111521,0.755403122018728,0.786316100366191,0.807435043745252,0.832496663683389,0.858352262403836,0.883336833669734,0.865218790089908,0.890461425355362,0.904977412804285,0.916586630849726,0.489197822736397
0.881100926862194,0.663224311332705,0.815358693466257,0.344103484803733,0.508858853985933,0.549061369401307,0.323129588623223,0.709621490243174,0.671143538709081,0.671622798930854,0.345547075438742,0.462860885431406,0.453114778535586,0.393477062091144,0.39979063301864,0.815735258919814,0.42922763923769,0.692715071058302,0.692410493624805,0.901701638888387,0.921828614643399,0.938407012094161,0.955595914479615,0.971174058168254,0.983191319593929,0.991703233772426,1.00386639271884,1.02358873847451,1.0002331106985,1.02527412507819,1.0440915013305,1.05788318774794,0.515045557634753
0.938527725681217,0.838933358352151,0.928095064646861,0.652083204776439,0.524737893589121,0.555520444898482,0.701329661301165,0.685908935325282,0.646419124574835,0.695001040408455,0.808362275133012,0.695140562226057,0.702393010733311,0.782581279556623,0.791488688505257,0.670165262987482,0.827839216793973,0.618221833146432,0.881916694231305,0.457361131122855,0.484627851250087,0.500093282278581,0.541044388634322,0.558540778979318,0.577543345285118,0.584653714030142,0.609638554172946,0.652745470366065,0.850662320082892,0.872919817754557,0.892639519408801,0.89953228110168,0.553701235662603
0.962432153119924,0.434502916450438,0.659925605386566,0.44912476208592,0.613242720930213,0.667711251899835,0.673516356615958,0.426685868417778,0.604661327519177,0.426483723837864,0.637361206914528,0.55249000246784,0.572789881185812,0.650491878523554,0.650905352018585,0.600177841926642,0.677206667697546,0.534276293927423,0.397535106293467,0.804135863157257,0.832086824123776,0.828349026015476,0.837042609790605,0.852799237723463,0.866524582165249,0.877099050342248,0.887042369783066,0.896987126366785,0.682827466029126,0.69692566918926,0.717663908638189,0.727077081226742,0.367512801433687
0.980903938741351,1.11898611997968,0.909173958097751,0.546701168372319,0.448247651590393,0.618285438821747,0.579227248893393,0.383690234354732,0.522950865445669,0.355725066598441,0.508772317353221,0.608804719240062,0.624283266811143,0.569898373057424,0.589888521654201,0.521389486041738,0.614496050734177,0.498641890281047,0.763860566573354,0.744025751625878,0.769834344589324,0.775332766080967,0.797711801286347,0.808194607095361,0.818845231041637,0.83678766311516,0.852592521302379,0.880787164008223,0.567840377873117,0.5844112191059,0.588912246622649,0.588000534804194,0.600017966426211
1.05256532498114,0.643154613468555,0.934282051785196,0.593501216607494,0.623078151616364,0.401273979898984,0.48951175002561,0.534670356940796,0.541731428107925,0.487800754257223,0.505211962060844,0.628834200751844,0.626043885696455,0.513360342395606,0.52057555821378,0.606670015670281,0.534249839342356,0.757109093786912,0.699846363899727,0.750380210311746,0.792805749784075,0.812143640864353,0.834757294757685,0.854910410671569,0.875662384958034,0.895700471170848,0.912878976158096,0.933465866904104,0.610137088347047,0.600360229499166,0.59402302285729,0.585715066510867,0.477757745467867
0.636059505693892,0.822625510672586,1.08877809922567,0.424452408776843,0.778687045733526,0.743514850115544,0.540221770520337,0.523844093899044,0.454786816987407,0.568958174485724,0.592451402647774,0.621926386800431,0.620881493895438,0.590543381775313,0.606055499045023,0.796667272316192,0.628172688750484,0.731389207727017,0.708454554304074,0.732214308348426,0.720799913666233,0.706876976369464,0.71137307974934,0.706911259690294,0.707027581350891,0.705393013436533,0.703372910820511,0.704216911714921,0.923099217787646,0.944629042438765,0.956791328921573,0.967655651779501,0.444728551600312
1.00391481211197,0.464951448603842,0.908886135969389,0.480976056992972,0.416052132569746,0.39742552903672,0.453375544152436,0.564339573537353,0.716655174413133,0.607296141210949,0.756672474465294,0.670084328723641,0.646633454674234,0.760885104428932,0.781322874483706,0.413274715993215,0.808071032813279,0.701863767659527,0.716845006946142,0.818940983338098,0.852656552060711,0.858561871420589,0.870273846903212,0.86875845672907,0.882479227044601,0.895281214223815,0.903366734374822,0.92006239897982,0.95449171132265,0.977024185731315,0.997497995543523,1.01118336858108,0.732739158929511
0.772152396282728,0.826545851510734,0.741085442208286,0.533696647392625,0.689223977656873,0.420088936296265,0.803230568683146,0.571076338183073,0.623492024510376,0.54644261066719,0.43588935089885,0.469519792382471,0.47169731949444,0.410529944478487,0.390908490207583,0.454619166247499,0.432235835776445,0.725667477989482,0.754766701599247,0.743509765440015,0.772521644049848,0.783420508580364,0.810371473475499,0.834246535464775,0.847932343974483,0.862902248490997,0.874265284427474,0.889318003913084,0.838717421181552,0.854668466236176,0.87296924693703,0.886702465611765,0.353255212165688
1.1678273657192,0.70015158360491,0.563654376271947,0.596614384494093,0.563704746832916,0.538084061028327,0.591458561345908,0.659598925815279,0.685479113714048,0.637903821292532,0.387617446713464,0.575352911368253,0.569790325908245,0.424994605079601,0.441251004203094,0.695885792068435,0.441865781915128,0.547351553774378,0.723648992659603,0.516195362349522,0.510124967559684,0.488504717429984,0.490930383868365,0.514513678893908,0.526903215925321,0.533260308447289,0.540636956440061,0.551039923865764,0.816518929932168,0.840927763913113,0.861230960121455,0.888187517365508,0.483525654190354
0.827936558008087,0.58096228228574,0.56974385720109,0.748467648790018,0.616221799857186,0.503449234897516,0.631049367449736,0.508173697112119,0.622140683200023,0.537930050811552,0.67440370555204,0.749503898458213,0.740611222763145,0.653195560153252,0.663345583849697,0.746772996094803,0.699875831779675,0.325929938398067,0.498688553438096,0.611447302940064,0.618565400604148,0.625539784251175,0.645951365856638,0.662613919356883,0.676495059049424,0.69066752613015,0.698589833299615,0.712289389224352,0.492076639005804,0.514018100176951,0.54233603390512,0.564838560690047,0.323777105741944
1.1285013901479,0.574945542676398,0.985517682722989,0.642442039636123,0.555487428282895,0.51808718421996,0.671820448433592,0.317945489447397,0.469709347257664,0.32879364340442,0.757214407401228,0.554061007670285,0.557001866322565,0.753083952281693,0.754343401077492,0.381180482659032,0.786838102506865,0.739092808220789,0.562647802315138,0.775450966722787,0.800162871208604,0.806282740967517,0.839020841271878,0.860291292233487,0.873080887832013,0.889952083276776,0.907168854720777,0.920178664237488,1.05312841369006,1.07034784089561,1.08255240722976,1.09059799025743,0.691112084560811
1.14385981645429,0.580431877518404,1.02716738167243,0.677995221452218,0.571617302767917,0.627274046803203,0.437910981541511,0.644258170771469,0.297331002866811,0.662366749985461,0.384056702073026,0.439647540711372,0.434138367689723,0.351399793934717,0.389103746689468,0.647256868782405,0.429388852470661,0.746010589027284,0.732090862598495,0.693715848289838,0.714524972929908,0.719235808301459,0.748924135061359,0.774432026261533,0.789634262931724,0.801650494314551,0.816260187666497,0.831646787285279,0.950024281600461,0.966333564680048,0.982472791923353,0.994334358267003,0.266894477196802
0.650011409023163,0.592079131502012,0.913962919654406,0.543954202047287,0.550665556517114,0.411788748295791,0.352066461890937,0.580933034117453,0.626634862749212,0.615994638654363,0.596008268166215,0.427429235798721,0.415083020655238,0.626134223234969,0.642455051109598,0.531870872706672,0.666702868628849,0.637710053801414,0.66499309038694,0.76140728162719,0.766952374053481,0.774853999584558,0.797146425383571,0.820728275913628,0.836829045059395,0.855711126661599,0.865099855457932,0.883882323476912,0.818242510907072,0.855411209550179,0.893859613583027,0.896833804507451,0.569410572588989
0.906215121414628,0.59660193878954,0.912427261223047,0.621027023167598,0.522762367761294,0.492648692095979,0.559933651064234,0.439918170162756,0.586854026116195,0.437914513895305,0.457202922212995,0.457917670376094,0.456432875853279,0.488652652962972,0.520443985058843,0.641450977805063,0.544235958297049,0.588659393268517,0.728868677608708,0.634337737819423,0.615053867569152,0.604649016293083,0.614520951970882,0.622223645280025,0.636495336734646,0.649464951775596,0.652578271699838,0.666721873291805,0.812547914511564,0.826937928500182,0.845786431032314,0.858941553950645,0.385904679359678
0.917600667058056,0.795323879295748,0.60266162446267,0.700124705157967,0.504354171359523,0.521998143634235,0.534021492923851,0.61862367042965,0.585214958408688,0.61402281002208,0.586524302208495,0.719178213591215,0.710880962899486,0.598454902450097,0.602273891924807,0.514000563873469,0.660669331136535,0.675379488901698,0.612565472300932,0.661063973057474,0.670209173253083,0.693382047149602,0.717935890152077,0.745996541865955,0.765710578664099,0.78340520565696,0.792942313610596,0.819368146538089,0.888732913107854,0.908172084962709,0.924359834097923,0.941423064031506,0.301277412193677
0.856545692500234,0.768749260472984,1.11628480625681,0.396942007400789,0.630130478352299,0.5215804754666,0.564689310596588,0.663199942338999,0.517726768865434,0.66985772695188,0.492579318086695,0.716670398653049,0.711173343269299,0.49328380372743,0.48722097484357,0.625473420970521,0.502113936402969,0.457682211255708,0.630627656401278,1.07003108841785,1.10220330400119,1.1154503148716,1.13972623314204,1.15495934685164,1.18496775432481,1.19889726477391,1.20550217439611,1.22114171657088,0.643614187771753,0.662695562850189,0.683539530628077,0.696144253385497,0.520350379483835
1.18124558187972,0.66338760341357,1.01140838712664,0.710357962839712,0.575367486738395,0.534063016491989,0.45185035331719,0.332751815654007,0.636284946955678,0.305263912832772,0.600378627564766,0.735341129576009,0.730741623208986,0.610143094005843,0.599349710888055,0.398697608601524,0.629705020706803,0.708912528143388,0.99804868998674,0.830829973164877,0.834817473151873,0.841475180762281,0.873877427238053,0.898275749813027,0.916777790905518,0.922791310038466,0.935802776535779,0.953532493132198,0.9097577326545,0.93141013856202,0.951550462732538,0.969691726577174,0.553140169029748
0.767409289266156,0.63626949279409,0.923521635445802,0.373479272715257,0.619207110708296,0.564417938412265,0.628023351551157,0.656527538077784,0.38172729649173,0.633667559653319,0.401130804304662,0.644849698619071,0.653568430980891,0.385927192838255,0.389949024044337,0.50452332432938,0.409765600970529,0.850933642382392,0.810829617206062,0.676722047860805,0.694760344949163,0.682453613339667,0.69232471720374,0.714268845740366,0.735573693530678,0.752633020113769,0.773380548457107,0.787543453337018,1.06679398489994,1.06054156594032,1.07139026368757,1.08842079019262,0.706870068962139
1.0236253997336,0.757653549732073,0.884942544032237,0.542260239808246,0.560177159244777,0.595800518471739,0.39761074579501,0.633619762911934,0.682355237414197,0.623981427836734,0.408924714384663,0.593269624126785,0.591777727480225,0.452582248119598,0.477516419789169,0.71604511408673,0.522403817769633,0.408043075578136,0.651789842098473,0.700719545034346,0.698995191330628,0.704481989087979,0.713746761051011,0.734179836194511,0.746807266766107,0.759044715027551,0.764748045704701,0.781872400616197,0.637488037139868,0.656451635929212,0.701051141498688,0.736420247688975,0.217323373555505
1.06313834348696,0.615153617415811,0.973274620759177,0.597571951600423,0.497544568715606,0.673634518990517,0.637808451780125,0.614840650885906,0.80503267139833,0.603574902551967,0.694380034514856,0.54028509409488,0.541870670507173,0.696929595836222,0.692942456297874,0.568727070748219,0.740093849377175,0.708975984012826,0.658573578978192,0.631416517148294,0.679624702240209,0.71821513728243,0.746705852559928,0.765275591169155,0.786476818655473,0.801976547005713,0.821652301918394,0.837031205849416,0.875757432690682,0.888194046346306,0.909714751245929,0.91984590459415,0.603007829377391
0.944114529317857,0.829189848380502,0.722854423019016,0.519223236688106,0.846935391147422,0.685060303891059,0.758583560599188,0.518262745005992,0.422327692458342,0.526538234157179,0.551187828635962,0.407514634633394,0.408088352972015,0.55760626687395,0.56032109657149,0.638466496414727,0.594264640882227,0.717526287656257,0.616835625559652,0.579596505180406,0.579850423436315,0.590365447959013,0.588464742626132,0.595596070941434,0.59121562981236,0.604326712399287,0.60293423202478,0.612561345726898,0.934709274867257,0.946427535971754,0.961958331541769,0.980618705413527,0.502575937270385
1.22273212778519,0.572901611887538,0.998927085671171,0.330711406809311,0.753361325567201,0.447089161109236,0.452375541523432,0.527974985220208,0.601110260329101,0.523717901184357,0.576774926017949,0.605837542747413,0.62129417771189,0.609404827954997,0.612695964134299,0.670786612029845,0.663156369463737,0.684772569565011,0.570611240326325,0.763437161547443,0.782859817114965,0.784822839662378,0.794896802971438,0.819688135604301,0.844176432784332,0.857731789958032,0.867843389583411,0.886463889003686,0.945595044196216,0.965095428775067,0.984156931129458,1.00343080316071,0.583937116662391
0.855553028314434,0.880429738092406,1.11911481801534,0.596684372684341,0.693231916660773,0.818244845719657,0.577200594540842,0.413868952754095,0.577939748202112,0.414655919536654,0.628348248949866,0.361411534434316,0.390900707992116,0.649290616435543,0.66334175469872,0.620868058878173,0.684618208341937,0.69253003842395,0.708841635286456,0.761114387371736,0.759498766032909,0.772160476325168,0.793568012114288,0.822942647943648,0.849554271855888,0.863981412127219,0.877908916489121,0.887311970316514,0.797568128605926,0.800861871831307,0.759292901286749,0.747844801533103,0.52312624012499
0.742632845314816,0.674580262788663,0.770995832605061,0.685954775701686,0.593682558087279,0.767340296559299,0.526185982728662,0.693945683155822,0.583380435177722,0.663291669221983,0.616869355113261,0.630438717800328,0.61863948949136,0.626142601955539,0.611872428489098,0.657858195885932,0.624456501789773,0.687943977087394,0.743659342506041,0.708495598650993,0.728261865476156,0.735984231133835,0.765437020490437,0.799786929359,0.815143892574535,0.839496847188925,0.855950208526422,0.877606585197458,0.961756695548024,0.964602043671262,0.980770428392832,0.995198252895726,0.395329171367661
0.800134820705415,0.699725078173907,0.953338388631586,0.651170144372471,0.525311707493272,0.673403332757746,0.571698862360189,0.614382101893432,0.674455456889137,0.594755165411109,0.684269640642107,0.597961147153267,0.614772261854546,0.652404213649464,0.63950595678177,0.545600342591086,0.680240521927428,0.662663972035088,0.670400466530383,0.806741359292877,0.85417642175507,0.878976489403205,0.927666416147821,0.956219029250099,0.992915560947447,1.01610226717993,1.04121735618247,1.07911149484335,0.935887239809915,0.949163147069198,0.964170081636305,0.968292903904831,0.35390899566945
0.740187735009216,0.743892157450121,1.01045213073132,0.58670530336618,0.634928272550707,0.689906471751066,0.619458061200171,0.617212909796845,0.608898006853966,0.636943250788815,0.470675852526513,0.552759639460593,0.559209784187658,0.48137017174378,0.503800059446925,0.59979988341816,0.560544676666243,0.512371376905116,0.742630008732506,0.585643202812703,0.581217371866881,0.596440897838166,0.624385359522583,0.649805189263996,0.668703900944236,0.677226027178038,0.685247846353569,0.697881307088664,0.568885226946278,0.574882013304899,0.584424102295435,0.59383842815223,0.429927099168853
0.978912735811219,0.500148259069926,1.03044325033994,0.484827694150326,0.649734648762153,0.51618171682577,0.519288939595792,0.620039867412835,0.582224537353712,0.601616960384249,0.546511586910941,0.516427041924987,0.515267380362044,0.577613734860801,0.569239101605567,0.76242605698666,0.587355031344671,0.594006686283234,0.524979627481044,0.500785299867597,0.49287277053362,0.477542194334678,0.476969470677451,0.496656569139408,0.509042376446779,0.518349281124311,0.52908141862916,0.543416733427371,0.746771157836306,0.7574531969744,0.771951510764516,0.776979721925268,0.489387686002645
0.666350128896185,0.809573325488477,0.761447608460534,0.527104534928754,0.713646195766542,0.627118882493834,0.563361825724883,0.478835236921913,0.478467767886195,0.488534951109948,0.746594115807601,0.796076746727616,0.802333903358048,0.738923290185129,0.769645335298053,0.602912726769691,0.793461929866255,0.751548499690826,0.505110818718345,0.557409007573639,0.5834400207388,0.586385680746198,0.614751060009801,0.638200654511076,0.656347556292848,0.684041421869411,0.719343672708313,0.768117284390672,0.981406550684349,1.00216077183356,1.02218595923799,1.03487570609253,0.330361291997424
0.747651207368456,0.613939313066911,1.0267711228435,0.262695640932378,0.565200867798187,0.670892933956331,0.492861971421654,0.351527655397205,0.505778824616237,0.308360653677221,0.546582463146121,0.764341032566928,0.759886538641893,0.534741809069934,0.561869862434711,0.476816357125066,0.619730284141444,0.662720388700663,0.51076399769866,0.505520026057362,0.515023775599372,0.513291299688132,0.506581389229022,0.523936258319441,0.52556705936299,0.528453812078236,0.539918234393021,0.545061910037601,0.85842854020264,0.877644584630463,0.890229724896574,0.900858453628083,0.512761793341796
0.700802642913036,0.680803158026435,0.985018517226063,0.528009770286056,0.539538419610935,0.714658684969259,0.477829776015329,0.524672577886946,0.615437629950318,0.579642195469561,0.435470294325221,0.498470099290838,0.495700813670209,0.462250972937541,0.465686844494059,0.479544245360303,0.49450599645555,0.709276336783389,0.629311813285377,0.659462442073857,0.649067853474751,0.655399041740831,0.678055392560559,0.703816522914783,0.720368241815522,0.735048605822809,0.739321928341304,0.752453278421739,0.889869410352763,0.904852145593663,0.919384179454413,0.929103395184307,0.459073719490933
